CREATE DATABASE  IF NOT EXISTS `toevla` /*!40100 DEFAULT CHARACTER SET utf8 */;
USE `toevla`;
-- MySQL dump 10.13  Distrib 5.5.16, for Win32 (x86)
--
-- Host: 127.0.0.1    Database: toevla
-- ------------------------------------------------------
-- Server version	5.1.62-community

/*!40101 SET @OLD_CHARACTER_SET_CLIENT=@@CHARACTER_SET_CLIENT */;
/*!40101 SET @OLD_CHARACTER_SET_RESULTS=@@CHARACTER_SET_RESULTS */;
/*!40101 SET @OLD_COLLATION_CONNECTION=@@COLLATION_CONNECTION */;
/*!40101 SET NAMES utf8 */;
/*!40103 SET @OLD_TIME_ZONE=@@TIME_ZONE */;
/*!40103 SET TIME_ZONE='+00:00' */;
/*!40014 SET @OLD_UNIQUE_CHECKS=@@UNIQUE_CHECKS, UNIQUE_CHECKS=0 */;
/*!40014 SET @OLD_FOREIGN_KEY_CHECKS=@@FOREIGN_KEY_CHECKS, FOREIGN_KEY_CHECKS=0 */;
/*!40101 SET @OLD_SQL_MODE=@@SQL_MODE, SQL_MODE='NO_AUTO_VALUE_ON_ZERO' */;
/*!40111 SET @OLD_SQL_NOTES=@@SQL_NOTES, SQL_NOTES=0 */;

--
-- Table structure for table `user_connection`
--

DROP TABLE IF EXISTS `user_connection`;
/*!40101 SET @saved_cs_client     = @@character_set_client */;
/*!40101 SET character_set_client = utf8 */;
CREATE TABLE `user_connection` (
  `ID` int(10) unsigned NOT NULL AUTO_INCREMENT,
  `userId` int(10) unsigned NOT NULL DEFAULT '0',
  `provider` varchar(32) NOT NULL,
  `connectionId` bigint(20) unsigned NOT NULL DEFAULT '0',
  `connectionData` blob NOT NULL,
  `connectionTokens` blob NOT NULL,
  `timestamp` timestamp NOT NULL DEFAULT CURRENT_TIMESTAMP,
  PRIMARY KEY (`ID`),
  UNIQUE KEY `connectionId_provider_UNIQUE` (`connectionId`,`provider`),
  UNIQUE KEY `userId_provider_UNIQUE` (`userId`,`provider`),
  KEY `user_connection.userId__user.ID` (`userId`),
  CONSTRAINT `user_connection.userId__user.ID` FOREIGN KEY (`userId`) REFERENCES `user` (`ID`) ON DELETE CASCADE ON UPDATE CASCADE
) ENGINE=InnoDB AUTO_INCREMENT=28 DEFAULT CHARSET=utf8;
/*!40101 SET character_set_client = @saved_cs_client */;

--
-- Dumping data for table `user_connection`
--

LOCK TABLES `user_connection` WRITE;
/*!40000 ALTER TABLE `user_connection` DISABLE KEYS */;
INSERT INTO `user_connection` VALUES (22,27,'ProviderFacebook',1272508518,'{\"id\":\"1272508518\",\"name\":\"Michiel Van Gasse\",\"first_name\":\"Michiel\",\"last_name\":\"Van Gasse\",\"link\":\"http:\\/\\/www.facebook.com\\/shintarokakibuki\",\"username\":\"shintarokakibuki\",\"hometown\":{\"id\":\"110715332280119\",\"name\":\"Belgiek, West-Vlaanderen, Belgium\"},\"location\":{\"id\":\"109544839075824\",\"name\":\"Kieldrecht, Oost-Vlaanderen, Belgium\"},\"gender\":\"male\",\"email\":\"michielvangasse@gmail.com\",\"timezone\":2,\"locale\":\"en_US\",\"verified\":true,\"updated_time\":\"2011-10-26T12:22:23+0000\"}','\"AAABuTmZApA3oBANQ83RXYgQg0YZCmT3ufFzWPiYNmn0tKVfSZCb0VwahPbfUoZBv5ZBAmh5Ok1iMYfZAq7A2Tkfo3qYLB8oX68fp6cbuWKBwZDZD\"','2012-04-18 08:40:25'),(26,28,'ProviderFacebook',782688129,'{\"id\":\"782688129\",\"name\":\"Wim Wouters\",\"first_name\":\"Wim\",\"last_name\":\"Wouters\",\"link\":\"http:\\/\\/www.facebook.com\\/profile.php?id=782688129\",\"hometown\":{\"id\":\"110761475615126\",\"name\":\"Antwerp, Belgium\"},\"location\":{\"id\":\"110761475615126\",\"name\":\"Antwerp, Belgium\"},\"gender\":\"male\",\"email\":\"wim@grin.be\",\"timezone\":2,\"locale\":\"en_US\",\"languages\":[{\"id\":\"107672419256005\",\"name\":\"Dutch\"},{\"id\":\"106059522759137\",\"name\":\"English\"},{\"id\":\"112264595467201\",\"name\":\"Fran\\u00e7ais\"}],\"verified\":true,\"updated_time\":\"2012-04-18T07:36:53+0000\"}','\"AAABuTmZApA3oBAEKOV5ZBU4jYVJZASmZAFI8oVMT8A3wpI4rRSFpd8SUqKLoiPIrI7cFuTy1n7sIgrbLiNexdB66MyzLSzzbAnyZACuYyuwZDZD\"','2012-05-10 10:11:09'),(27,29,'ProviderFacebook',665815124,'{\"id\":\"665815124\",\"name\":\"Jelle Voet\",\"first_name\":\"Jelle\",\"last_name\":\"Voet\",\"link\":\"http:\\/\\/www.facebook.com\\/supmagc\",\"username\":\"supmagc\",\"work\":[{\"employer\":{\"id\":\"114430135239493\",\"name\":\"grin bvba\"},\"location\":{\"id\":\"103324119709358\",\"name\":\"Borgerhout, Antwerpen, Belgium\"},\"position\":{\"id\":\"104994716207822\",\"name\":\"codemaster\"},\"start_date\":\"2010-09\"}],\"education\":[{\"school\":{\"id\":\"108000932566747\",\"name\":\"Instituut Heilig Hart van Maria\"},\"type\":\"High School\"},{\"school\":{\"id\":\"114745528540826\",\"name\":\"K. U. Leuven\"},\"concentration\":[{\"id\":\"113952188615234\",\"name\":\"Computer Science\"}],\"type\":\"College\"},{\"school\":{\"id\":\"106517736050851\",\"name\":\"Hogeschool West-Vlaanderen\"},\"year\":{\"id\":\"142963519060927\",\"name\":\"2010\"},\"concentration\":[{\"id\":\"154953267891988\",\"name\":\"Digital Arts and Entertainment\"},{\"id\":\"261692523885599\",\"name\":\"Multimedia en Communicatie Technologie\"}],\"type\":\"College\"}],\"gender\":\"male\",\"email\":\"supmagc@gmail.com\",\"timezone\":2,\"locale\":\"nl_NL\",\"verified\":true,\"updated_time\":\"2012-04-12T10:07:47+0000\"}','\"AAABuTmZApA3oBAMBYZCiwE1RXbfOspwZB9ZC5lREdWsJANw44yQDlf2ajruurwSHalStBzSde4wK3ZBEtZBuljXd170xUxJ9QNpEnKNHxZAxAZDZD\"','2012-05-11 16:19:36');
/*!40000 ALTER TABLE `user_connection` ENABLE KEYS */;
UNLOCK TABLES;

--
-- Table structure for table `game_session`
--

DROP TABLE IF EXISTS `game_session`;
/*!40101 SET @saved_cs_client     = @@character_set_client */;
/*!40101 SET character_set_client = utf8 */;
CREATE TABLE `game_session` (
  `hash` varchar(32) NOT NULL,
  `userId` int(11) unsigned NOT NULL,
  `characterId` int(10) unsigned DEFAULT NULL,
  `timestamp` timestamp NOT NULL DEFAULT CURRENT_TIMESTAMP,
  PRIMARY KEY (`hash`),
  UNIQUE KEY `userId_UNIQUE` (`userId`),
  KEY `game_session.userId__user.ID` (`userId`),
  KEY `game_session.characterId_game_character.ID` (`characterId`),
  CONSTRAINT `game_session.characterId_game_character.ID` FOREIGN KEY (`characterId`) REFERENCES `game_character` (`ID`) ON DELETE SET NULL ON UPDATE CASCADE,
  CONSTRAINT `game_session.userId__user.ID` FOREIGN KEY (`userId`) REFERENCES `user` (`ID`) ON DELETE CASCADE ON UPDATE CASCADE
) ENGINE=InnoDB DEFAULT CHARSET=utf8;
/*!40101 SET character_set_client = @saved_cs_client */;

--
-- Dumping data for table `game_session`
--

LOCK TABLES `game_session` WRITE;
/*!40000 ALTER TABLE `game_session` DISABLE KEYS */;
INSERT INTO `game_session` VALUES ('6513d4d9452a3775c38095f97446c7f5',27,13,'2012-05-16 15:44:02'),('b58ce3d4ce17d4da0a7a8f9826e6102a',29,17,'2012-07-04 15:24:04');
/*!40000 ALTER TABLE `game_session` ENABLE KEYS */;
UNLOCK TABLES;

--
-- Temporary table structure for view `festival_all`
--

DROP TABLE IF EXISTS `festival_all`;
/*!50001 DROP VIEW IF EXISTS `festival_all`*/;
SET @saved_cs_client     = @@character_set_client;
SET character_set_client = utf8;
/*!50001 CREATE TABLE `festival_all` (
  `ID` int(10) unsigned,
  `name` varchar(128),
  `date_start` date,
  `date_stop` date,
  `website` varchar(128),
  `location` varchar(128),
  `fmiv` tinyint(4),
  `fiaf` tinyint(4),
  `genreId` tinyint(4) unsigned,
  `locationTypeId` tinyint(4) unsigned,
  `visitors` int(11) unsigned,
  `description_NL` text,
  `description_EN` text,
  `comments` text,
  `genreName` varchar(32),
  `locationTypeName` varchar(32)
) ENGINE=MyISAM */;
SET character_set_client = @saved_cs_client;

--
-- Table structure for table `user_login`
--

DROP TABLE IF EXISTS `user_login`;
/*!40101 SET @saved_cs_client     = @@character_set_client */;
/*!40101 SET character_set_client = utf8 */;
CREATE TABLE `user_login` (
  `userId` int(10) unsigned NOT NULL,
  `timestamp` timestamp NOT NULL DEFAULT CURRENT_TIMESTAMP ON UPDATE CURRENT_TIMESTAMP,
  `useragent` varchar(64) NOT NULL,
  `ip` varchar(15) NOT NULL,
  KEY `user_login.userId__user.ID` (`userId`),
  CONSTRAINT `user_login.userId__user.ID` FOREIGN KEY (`userId`) REFERENCES `user` (`ID`) ON DELETE CASCADE ON UPDATE CASCADE
) ENGINE=InnoDB DEFAULT CHARSET=utf8;
/*!40101 SET character_set_client = @saved_cs_client */;

--
-- Dumping data for table `user_login`
--

LOCK TABLES `user_login` WRITE;
/*!40000 ALTER TABLE `user_login` DISABLE KEYS */;
/*!40000 ALTER TABLE `user_login` ENABLE KEYS */;
UNLOCK TABLES;

--
-- Table structure for table `game_config`
--

DROP TABLE IF EXISTS `game_config`;
/*!40101 SET @saved_cs_client     = @@character_set_client */;
/*!40101 SET character_set_client = utf8 */;
CREATE TABLE `game_config` (
  `ID` int(10) unsigned NOT NULL AUTO_INCREMENT,
  `name` varchar(32) NOT NULL,
  `value` varchar(256) NOT NULL,
  PRIMARY KEY (`ID`)
) ENGINE=InnoDB DEFAULT CHARSET=utf8;
/*!40101 SET character_set_client = @saved_cs_client */;

--
-- Dumping data for table `game_config`
--

LOCK TABLES `game_config` WRITE;
/*!40000 ALTER TABLE `game_config` DISABLE KEYS */;
/*!40000 ALTER TABLE `game_config` ENABLE KEYS */;
UNLOCK TABLES;

--
-- Table structure for table `game`
--

DROP TABLE IF EXISTS `game`;
/*!40101 SET @saved_cs_client     = @@character_set_client */;
/*!40101 SET character_set_client = utf8 */;
CREATE TABLE `game` (
  `ID` int(11) NOT NULL AUTO_INCREMENT,
  `name` text NOT NULL,
  PRIMARY KEY (`ID`)
) ENGINE=InnoDB DEFAULT CHARSET=utf8;
/*!40101 SET character_set_client = @saved_cs_client */;

--
-- Dumping data for table `game`
--

LOCK TABLES `game` WRITE;
/*!40000 ALTER TABLE `game` DISABLE KEYS */;
/*!40000 ALTER TABLE `game` ENABLE KEYS */;
UNLOCK TABLES;

--
-- Table structure for table `user`
--

DROP TABLE IF EXISTS `user`;
/*!40101 SET @saved_cs_client     = @@character_set_client */;
/*!40101 SET character_set_client = utf8 */;
CREATE TABLE `user` (
  `ID` int(11) unsigned NOT NULL AUTO_INCREMENT,
  `tla` tinyint(4) unsigned NOT NULL DEFAULT '0',
  `verified` tinyint(4) unsigned NOT NULL DEFAULT '0',
  `name` varchar(128) NOT NULL,
  `gender` enum('male','female') DEFAULT NULL,
  `birthday` date DEFAULT NULL,
  `firstname` varchar(64) DEFAULT NULL,
  `lastname` varchar(64) DEFAULT NULL,
  `timezone` varchar(64) DEFAULT NULL,
  `locale` varchar(32) DEFAULT NULL,
  `password` varchar(32) DEFAULT NULL,
  `verifier` varchar(32) DEFAULT NULL,
  `hash` varchar(32) DEFAULT NULL,
  `timestamp` timestamp NOT NULL DEFAULT CURRENT_TIMESTAMP,
  `data` blob,
  PRIMARY KEY (`ID`),
  UNIQUE KEY `name_UNIQUE` (`name`)
) ENGINE=InnoDB AUTO_INCREMENT=30 DEFAULT CHARSET=utf8;
/*!40101 SET character_set_client = @saved_cs_client */;

--
-- Dumping data for table `user`
--

LOCK TABLES `user` WRITE;
/*!40000 ALTER TABLE `user` DISABLE KEYS */;
INSERT INTO `user` VALUES (27,2,0,'shintarokakibuki','male',NULL,'Michiel','Van Gasse','Etc/GMT+2','en_US','cf31d063efa368c3aac5e70cd30dcf42',NULL,'fa45dc8a51ac618ea66ee7bd57db8141','2012-04-18 08:40:25',NULL),(28,1,0,'Wim Wouters','male',NULL,'Wim','Wouters','Etc/GMT+2','en_US',NULL,NULL,NULL,'2012-05-10 10:11:09',NULL),(29,1,0,'supmagc','male',NULL,'Jelle','Voet','Etc/GMT+2','nl_NL',NULL,NULL,NULL,'2012-05-11 16:19:36',NULL);
/*!40000 ALTER TABLE `user` ENABLE KEYS */;
UNLOCK TABLES;

--
-- Table structure for table `festival_genre`
--

DROP TABLE IF EXISTS `festival_genre`;
/*!40101 SET @saved_cs_client     = @@character_set_client */;
/*!40101 SET character_set_client = utf8 */;
CREATE TABLE `festival_genre` (
  `ID` tinyint(4) unsigned NOT NULL AUTO_INCREMENT,
  `name` varchar(32) NOT NULL,
  PRIMARY KEY (`ID`)
) ENGINE=InnoDB AUTO_INCREMENT=13 DEFAULT CHARSET=utf8;
/*!40101 SET character_set_client = @saved_cs_client */;

--
-- Dumping data for table `festival_genre`
--

LOCK TABLES `festival_genre` WRITE;
/*!40000 ALTER TABLE `festival_genre` DISABLE KEYS */;
INSERT INTO `festival_genre` VALUES (1,'Blues'),(2,'Dance'),(3,'Various'),(4,'Folk'),(5,'Jazz'),(6,'Classical'),(7,'Metal'),(8,'Pop'),(9,'Reggae'),(10,'Rock'),(11,'Theater'),(12,'World');
/*!40000 ALTER TABLE `festival_genre` ENABLE KEYS */;
UNLOCK TABLES;

--
-- Table structure for table `game_character`
--

DROP TABLE IF EXISTS `game_character`;
/*!40101 SET @saved_cs_client     = @@character_set_client */;
/*!40101 SET character_set_client = utf8 */;
CREATE TABLE `game_character` (
  `ID` int(10) unsigned NOT NULL AUTO_INCREMENT,
  `userId` int(10) unsigned NOT NULL,
  `name` varchar(128) NOT NULL,
  `points` int(10) unsigned NOT NULL DEFAULT '0',
  `experience` int(10) unsigned NOT NULL DEFAULT '0',
  `data` text NOT NULL,
  `timestamp` timestamp NOT NULL DEFAULT CURRENT_TIMESTAMP,
  PRIMARY KEY (`ID`),
  KEY `game_character.userId__user.ID` (`userId`),
  CONSTRAINT `game_character.userId__user.ID` FOREIGN KEY (`userId`) REFERENCES `user` (`ID`) ON DELETE CASCADE ON UPDATE CASCADE
) ENGINE=InnoDB AUTO_INCREMENT=18 DEFAULT CHARSET=utf8;
/*!40101 SET character_set_client = @saved_cs_client */;

--
-- Dumping data for table `game_character`
--

LOCK TABLES `game_character` WRITE;
/*!40000 ALTER TABLE `game_character` DISABLE KEYS */;
INSERT INTO `game_character` VALUES (13,27,'shintarokakibuki',12,32,'{\"default\":\"0;10\\u00a72;10\\u00a76;10\\u00a74;10\\u00a76;10\\u00a71;10\\u00a71\", \"hat\":\"16\"}','2012-04-18 08:40:25'),(17,29,'fghfghfg',64,84,'{\"default\":\"0;0\\u00a73;9\\u00a73;9\\u00a71;1\\u00a70;11\\u00a73;6\\u00a71\", \"hat\":\"0\"}','2012-05-11 17:00:04');
/*!40000 ALTER TABLE `game_character` ENABLE KEYS */;
UNLOCK TABLES;

--
-- Table structure for table `festival`
--

DROP TABLE IF EXISTS `festival`;
/*!40101 SET @saved_cs_client     = @@character_set_client */;
/*!40101 SET character_set_client = utf8 */;
CREATE TABLE `festival` (
  `ID` int(10) unsigned NOT NULL AUTO_INCREMENT,
  `hash` varchar(32) NOT NULL,
  `name` varchar(128) NOT NULL,
  `fmiv` tinyint(4) NOT NULL DEFAULT '0',
  `fiaf` tinyint(4) NOT NULL DEFAULT '0',
  `active` tinyint(4) NOT NULL DEFAULT '1',
  `mailCount` smallint(6) NOT NULL DEFAULT '0',
  `adminName` varchar(256) DEFAULT NULL,
  `adminMail` varchar(256) DEFAULT NULL,
  `adminPhone` varchar(256) DEFAULT NULL,
  `date_start` date DEFAULT NULL,
  `date_stop` date DEFAULT NULL,
  `website` varchar(128) DEFAULT NULL,
  `location` varchar(128) DEFAULT NULL,
  `twitterName` varchar(256) DEFAULT NULL,
  `twitterHash` varchar(256) DEFAULT NULL,
  `facebook` varchar(256) DEFAULT NULL,
  `youtube` varchar(256) DEFAULT NULL,
  `flickr` varchar(256) DEFAULT NULL,
  `picasa` varchar(256) DEFAULT NULL,
  `logoFilename` varchar(36) DEFAULT NULL,
  `afficheFilename` varchar(36) DEFAULT NULL,
  `genreId` tinyint(4) unsigned DEFAULT NULL,
  `locationTypeId` tinyint(4) unsigned DEFAULT NULL,
  `visitors` int(11) unsigned DEFAULT NULL,
  `description_NL` text,
  `description_EN` text,
  `comments` text,
  `data` text NOT NULL,
  `artists` text NOT NULL,
  `quiz` text NOT NULL,
  `update` timestamp NOT NULL DEFAULT CURRENT_TIMESTAMP ON UPDATE CURRENT_TIMESTAMP,
  PRIMARY KEY (`ID`),
  UNIQUE KEY `hash_UNIQUE` (`hash`),
  UNIQUE KEY `name_UNIQUE` (`name`),
  KEY `festival.localtionTypeId__fetsival_locationtype.ID` (`locationTypeId`),
  KEY `festival.genreId__festival_genre.ID` (`genreId`)
) ENGINE=InnoDB AUTO_INCREMENT=74 DEFAULT CHARSET=utf8;
/*!40101 SET character_set_client = @saved_cs_client */;

--
-- Dumping data for table `festival`
--

LOCK TABLES `festival` WRITE;
/*!40000 ALTER TABLE `festival` DISABLE KEYS */;
INSERT INTO `festival` VALUES (1,'9f3d58d39d78a2b023d5c2613c785e30','Blues Peer',1,1,1,0,NULL,NULL,NULL,'2012-07-13','2012-07-16','http://www.brbf.be/','Peer',NULL,NULL,NULL,NULL,NULL,NULL,NULL,NULL,1,4,30000,'Blues.  Peer.  Blues festival Peer is Vlaanderens bekendste Rhythm and Blues festival en een referentie in heel Europa.  Het programma is Blues maar niet puristisch: je vindt er evenzeer John Hiatt of Van Morisson.   Iets ouder en rustig publiek.  Festival met de hoogste bierconsumptie per bezoeker in Vlaanderen.  20 à 30.000 toeschouwers','Blues. Peer.   The most famous Flemish Rhythm and Blues Festival and known throughout Europe. The program is not purist blues: you will find John Hiatt and Van Morrison there as well. Slightly older and more sedate audience. We’re told that this festival has the highest beer consumption per visitor in Flanders. 20 to 30,000 spectators.','','Field@255$0$0;0$231$243;255$240$159;0$021;7$102;6$102;@Tree1$-0.05$0$-7.57$270$323.97$0$;Tree3$-3.9$0$-7.19$270$0$0$;Stand2$7.04$0$9.22$270$301.72$0$;Stand4$5.63$0$-8.72$270$62.99$0$;Stand6$1.08$0$10.47$270$278.97$0$;Speaker5$-6.99$0$2.9$270$212.49$0$;Speaker5$-7.02$0$-4.14$270$148.74$0$;Flag1$-1.8$0$-3.9$270$0$0$;Flag2$-11.03$0$-1.53$270$0$0$;Flag1$-4.1$0$-0.38$270$0$0$;Flag1$-2.16$0$3.27$270$0$0$;Flag2$-10.92$0$1.13$270$0$0$;Tree3$-8$0$-7.13$270$0$0$;Tree3$0.3$0$5.4$270$280.98$0$;Tree3$-3.59$0$5.37$270$344.73$0$;Tree3$-8.02$0$5.19$270$8.74$0$;Stand5$-3.96$0$-11.8$270$112.74$0$;Stand7$-3.18$0$10.39$270$86.24$0$;Stand6$11.24$0$-12.13$270$41.49$0$;Stand3$4.03$0$-13.94$270$75.49$0$;Stand1$-10.4$0$7.26$270$45.25$0$;Stand1$-11.6$0$-7.62$270$320.24$0$;Speaker4$2.8$0$3.05$270$336.48$0$;Speaker4$3.53$0$-6.2$270$35.99$0$;@','§;§;§;§;§;§;§;§;§;§;','How many festivals are features in this game?§73§75§78;How many different styles of music do we feature?§12§10§8;How many stars are there in the pop Area§8§6§7;How many cups must you collect before you can recycle?§10§15§20;There\'s a statue of what in the city?§Your character§a Vinyl LP§a Bird;§§§;§§§;§§§;§§§;§§§;','2012-05-24 10:14:24'),(2,'ecb8cf9c5a3fbd9913e3d7598a1620ac','Cactus Festival',1,1,1,0,NULL,NULL,NULL,'2012-07-06','2012-07-09','http://www.cactusfestival.be/','Brugge',NULL,NULL,NULL,NULL,NULL,NULL,NULL,NULL,8,5,30000,'Fijnproeversprogrammatie.  Brugge.  Bekend om zijn kwalitatieve affiche: je mag je verwachten aan alles van Calexico over Cohen tot Costello.  Bekend om zijn locatie en terreinindeling: chillen in het Minnewaterpark.  Verkozen tot sfeerrijkste festival ter wereld enkele jaren geleden (Arthur Award).  20 à 30.000 toeschouwers','Quality Programming. Bruges. Known for its qualitative line-up: you should expect everything from Cohen of Calexico to Costello. Known for its location and site layout: chill in the Minnewaterpark. Voted atmosphere richest festival in the world a few years ago (Arthur Award). 20 to 30,000 spectators','','Park@255$0$0;0$231$243;255$240$159;0$021;7$102;6$102;@Tree1$-0.05$0$-7.57$270$323.97$0$;Tree3$-3.9$0$-7.19$270$0$0$;Stand2$7.04$0$9.22$270$301.72$0$;Stand4$5.63$0$-8.72$270$62.99$0$;Stand6$1.08$0$10.47$270$278.97$0$;Speaker5$-6.99$0$2.9$270$212.49$0$;Speaker5$-7.02$0$-4.14$270$148.74$0$;Flag1$-1.8$0$-3.9$270$0$0$;Flag2$-11.03$0$-1.53$270$0$0$;Flag1$-4.1$0$-0.38$270$0$0$;Flag1$-2.16$0$3.27$270$0$0$;Flag2$-10.92$0$1.13$270$0$0$;Tree3$-8$0$-7.13$270$0$0$;Tree3$0.3$0$5.4$270$280.98$0$;Tree3$-3.59$0$5.37$270$344.73$0$;Tree3$-8.02$0$5.19$270$8.74$0$;Stand5$-3.96$0$-11.8$270$112.74$0$;Stand7$-3.18$0$10.39$270$86.24$0$;Stand6$11.24$0$-12.13$270$41.49$0$;Stand3$4.03$0$-13.94$270$75.49$0$;Stand1$-10.4$0$7.26$270$45.25$0$;Stand1$-11.6$0$-7.62$270$320.24$0$;Speaker4$2.8$0$3.05$270$336.48$0$;Speaker4$3.53$0$-6.2$270$35.99$0$;@','§;§;§;§;§;§;§;§;§;§;','How many festivals are features in this game?§73§75§78;How many different styles of music do we feature?§12§10§8;How many stars are there in the pop Area§8§6§7;How many cups must you collect before you can recycle?§10§15§20;There\'s a statue of what in the city?§Your character§a Vinyl LP§a Bird;§§§;§§§;§§§;§§§;§§§;','2012-05-24 10:14:24'),(3,'6204331d0ea1a010e87cb41d41f3f0ec','Festival Dranouter',1,1,1,0,'jessica@festivaldranouter.be','jessica@festivaldranouter.be','+32 57 44 69 33','1970-01-01','1970-01-04','http://www.festivaldranouter.be','Dranouter','DranouterFest',NULL,'162252793810361',NULL,NULL,NULL,'ea4e94fac6ba6a4778da3623eebd4142.dat','5bd0678ea0e382933100692b22f1e0be.dat',4,4,100000,'Folk, indie & pop. Dranouter in de Westhoek.  Slagvelden rondom.  Begonnen als nichefestival voor folk werd het al gauw het grootste folkfestival in Europa.  Dat is nog steeds de core business maar programmatie werd verbreed zodat je er ook als eens Lou Reed of Deus tegen het lijf loopt.  Bijzonder gezinsvriendelijk festival.  Een occasionele geitenwollensok is nog steeds hier een daar te spotten. 80 à 100.000 bezoekers.','Folk, indie and pop. Dranouter in Flanders. World War I battlefields are all around. Started as a niche folk festival and soon became the largest folk festival in Europe. Still the core business but the programme has been expanded so that you can also see Lou Reed or DEUS perform here. Particularly family-friendly festival. You may still spot the occasional hard-core crunchy folkie here. 80 to 100,000 visitors.','','Park@255$0$0;0$231$243;255$240$159;0$021;7$102;6$102;@Flag1$-1.75$0$-3.89$270$0$0$;Flag1$-4.09$0$-0.38$270$0$0$;Flag1$-2.16$0$3.27$270$0$0$;Flag2$-11.02$0$-1.52$270$0$0$;Flag2$-10.92$0$1.13$270$0$0$;Speaker4$2.75$0$3.03$270$336.47$0$;Speaker4$3.5$0$-6.19$270$35.99$0$;Speaker5$-6.98$0$2.87$270$212.49$0$;Speaker5$-7.01$0$-4.13$270$148.72$0$;Stand1$-10.39$0$7.26$270$45.24$0$;Stand1$-11.6$0$-7.61$270$320.22$0$;Stand2$7.03$0$9.21$270$301.65$0$;Stand3$4.03$0$-13.93$270$75.48$0$;Stand4$5.63$0$-8.72$270$62.99$0$;Stand5$-3.96$0$-11.8$270$112.73$0$;Stand6$1.08$0$10.46$270$278.97$0$;Stand6$11.22$0$-12.13$270$41.49$0$;Stand7$-3.18$0$10.39$270$86.23$0$;Tree1$-0.05$0$-7.57$270$323.9$0$;Tree3$-3.9$0$-7.19$270$0$0$;Tree3$-8$0$-7.13$270$0$0$;Tree3$0.3$0$5.37$270$280.98$0$;Tree3$-3.52$0$5.37$270$344.66$0$;Tree3$-8.02$0$5.19$270$8.71$0$;@1','Mory Kanté§;Babylon Circus§;Rudy’s Danspaleis§;Terrakota§;Signmark§;Krema Kawa§;Let’s Go Urban§;Lady Vortex§;Geht’s Noch?§;Mystique§;','Which edition of Mano Mundo will it be this year?§19th§18th§17th;How many bands will there be on the Mano Mundo stage?§12§11§13;Which artist performs in sign language§ Signmark§Mory Kanté§Terrakota;From which country does the artist Bai Kamara Jr originate?§Sierra Leone§Senegal§Brazil;Complete the band name: Krema ... §Kama§Wawa§Flawa;§§§;§§§;§§§;§§§;§§§;','2012-05-10 15:20:24'),(4,'65a6d9715b116f3ac234f8db86b32761','Feest in het Park',1,1,1,0,'michiel desmet','michiel@feestinhetpark.be','0032 485 59 15 17','2012-08-23','2012-08-27','www.feestinhetpark.be','Oudenaarde','FeestinhetPark','fihp11','110969675645047',NULL,NULL,NULL,NULL,NULL,10,5,40000,'Popfestival.  Oudenaarde.  Prachtig stadje.  Mooie affiche elk jaar.   40.000 bezoekers','Pop festival. Oudenaarde. A lovely town.  A great line-up every year. The Tour of Flanders (cycling) arrives here. 40,000 visitors','','Park@255$0$0;0$231$243;255$240$159;0$021;7$102;6$102;@Tree1$-0.05$0$-7.57$270$323.97$0$;Tree3$-3.9$0$-7.19$270$0$0$;Stand2$7.04$0$9.22$270$301.72$0$;Stand4$5.63$0$-8.72$270$62.99$0$;Stand6$1.08$0$10.47$270$278.97$0$;Speaker5$-6.99$0$2.9$270$212.49$0$;Speaker5$-7.02$0$-4.14$270$148.74$0$;Flag1$-1.8$0$-3.9$270$0$0$;Flag2$-11.03$0$-1.53$270$0$0$;Flag1$-4.1$0$-0.38$270$0$0$;Flag1$-2.16$0$3.27$270$0$0$;Flag2$-10.92$0$1.13$270$0$0$;Tree3$-8$0$-7.13$270$0$0$;Tree3$0.3$0$5.4$270$280.98$0$;Tree3$-3.59$0$5.37$270$344.73$0$;Tree3$-8.02$0$5.19$270$8.74$0$;Stand5$-3.96$0$-11.8$270$112.74$0$;Stand7$-3.18$0$10.39$270$86.24$0$;Stand6$11.24$0$-12.13$270$41.49$0$;Stand3$4.03$0$-13.94$270$75.49$0$;Stand1$-10.4$0$7.26$270$45.25$0$;Stand1$-11.6$0$-7.62$270$320.24$0$;Speaker4$2.8$0$3.05$270$336.48$0$;Speaker4$3.53$0$-6.2$270$35.99$0$;@','§;§;§;§;§;§;§;§;§;§;','How many festivals are features in this game?§73§75§78;How many different styles of music do we feature?§12§10§8;How many stars are there in the pop Area§8§6§7;How many cups must you collect before you can recycle?§10§15§20;There\'s a statue of what in the city?§Your character§a Vinyl LP§a Bird;§§§;§§§;§§§;§§§;§§§;','2012-05-24 10:14:24'),(5,'2aa16ef1c6980a568b7f7331686c9850','Gent Festival van Vlaanderen',1,1,1,0,'Christoph Vancalbergh','gent@festival.be','09/243.94.94','2012-09-15','2012-09-20','http://www.gentfestival.be','Ghent - East Flanders',NULL,'gentfestival','gentfestivalvanvlaanderen',NULL,'a:3:{s:6:\"source\";s:42:\"http://www.flickr.com/photos/42664385@N05/\";s:4:\"type\";s:6:\"public\";s:3:\"url\";s:15:\"id=42664385@N05\";}',NULL,NULL,NULL,6,6,55000,'Klassiek.  Gent.  Vlaggeschip van Vlaamse klassieke festivalwereld.  In september staan maar liefst 180 concerten op het programma (klassiek & wereldmuziek), waar ruim 1500 (inter)nationale artiesten aan meewerken. Het festival trekt jaarlijks ruim 55.000 bezoekers aan. Events zoals ‘Avanti!’, het Venetiaans Bal, KidsOdeGand en OdeGand zijn vaste waarden tijdens het festival.','Classic. Ghent. Flagship of the Flemish classic festival world. In September nearly 180 concerts are scheduled (classical & world music), where over 1500 (inter) national artists participate. Every year the festival attracts over 55,000 visitors. Events such as ‘Avanti!’, the Venetian Ball, KidsOdeGand and OdeGand are typically scheduled every year.','','Indoor@255$0$0;0$231$243;255$240$159;0$021;7$102;6$102;@Tree1$-0.05$0$-7.57$270$323.97$0$;Tree3$-3.9$0$-7.19$270$0$0$;Stand2$7.04$0$9.22$270$301.72$0$;Stand4$5.63$0$-8.72$270$62.99$0$;Stand6$1.08$0$10.47$270$278.97$0$;Speaker5$-6.99$0$2.9$270$212.49$0$;Speaker5$-7.02$0$-4.14$270$148.74$0$;Flag1$-1.8$0$-3.9$270$0$0$;Flag2$-11.03$0$-1.53$270$0$0$;Flag1$-4.1$0$-0.38$270$0$0$;Flag1$-2.16$0$3.27$270$0$0$;Flag2$-10.92$0$1.13$270$0$0$;Tree3$-8$0$-7.13$270$0$0$;Tree3$0.3$0$5.4$270$280.98$0$;Tree3$-3.59$0$5.37$270$344.73$0$;Tree3$-8.02$0$5.19$270$8.74$0$;Stand5$-3.96$0$-11.8$270$112.74$0$;Stand7$-3.18$0$10.39$270$86.24$0$;Stand6$11.24$0$-12.13$270$41.49$0$;Stand3$4.03$0$-13.94$270$75.49$0$;Stand1$-10.4$0$7.26$270$45.25$0$;Stand1$-11.6$0$-7.62$270$320.24$0$;Speaker4$2.8$0$3.05$270$336.48$0$;Speaker4$3.53$0$-6.2$270$35.99$0$;@','§;§;§;§;§;§;§;§;§;§;','How many festivals are features in this game?§73§75§78;How many different styles of music do we feature?§12§10§8;How many stars are there in the pop Area§8§6§7;How many cups must you collect before you can recycle?§10§15§20;There\'s a statue of what in the city?§Your character§a Vinyl LP§a Bird;§§§;§§§;§§§;§§§;§§§;','2012-05-24 10:14:24'),(6,'2decd06d402609ea56a32b3051f84e5d','Gent Jazz Festival',1,1,1,0,'Info - Gent Jazz Festival','info@gentjazz.com','93244530','1970-01-01','1970-01-11','http://www.gentjazz.com','Gent','gentjazz','GJF12','gentjazz',NULL,NULL,NULL,NULL,NULL,5,5,38000,'Jazz & pop.  Bijloke-abdij, altijd schoon als locatie.  Dit is het betere festival voor de fijnproever van goede muziek maar niet voor de jazzpurist want Sony Rollins tref je hier aan tussen Norah Jones en Agnes Obel .','Jazz and pop. Bijloke abbey, a stunning location. This is the best festival for the connoisseur of good music but not for the jazz purist as Sony Rollins, you will find anything between Norah Jones and Agnes Obel.','','Park@255$0$0;0$231$243;255$240$159;0$021;7$102;6$102;@Tree1$-0.05$0$-7.57$270$323.97$0$;Tree3$-3.9$0$-7.19$270$0$0$;Stand2$7.04$0$9.22$270$301.72$0$;Stand4$5.63$0$-8.72$270$62.99$0$;Stand6$1.08$0$10.47$270$278.97$0$;Speaker5$-6.99$0$2.9$270$212.49$0$;Speaker5$-7.02$0$-4.14$270$148.74$0$;Flag1$-1.8$0$-3.9$270$0$0$;Flag2$-11.03$0$-1.53$270$0$0$;Flag1$-4.1$0$-0.38$270$0$0$;Flag1$-2.16$0$3.27$270$0$0$;Flag2$-10.92$0$1.13$270$0$0$;Tree3$-8$0$-7.13$270$0$0$;Tree3$0.3$0$5.4$270$280.98$0$;Tree3$-3.59$0$5.37$270$344.73$0$;Tree3$-8.02$0$5.19$270$8.74$0$;Stand5$-3.96$0$-11.8$270$112.74$0$;Stand7$-3.18$0$10.39$270$86.24$0$;Stand6$11.24$0$-12.13$270$41.49$0$;Stand3$4.03$0$-13.94$270$75.49$0$;Stand1$-10.4$0$7.26$270$45.25$0$;Stand1$-11.6$0$-7.62$270$320.24$0$;Speaker4$2.8$0$3.05$270$336.48$0$;Speaker4$3.53$0$-6.2$270$35.99$0$;@','§;§;§;§;§;§;§;§;§;§;','How many festivals are features in this game?§73§75§78;How many different styles of music do we feature?§12§10§8;How many stars are there in the pop Area§8§6§7;How many cups must you collect before you can recycle?§10§15§20;There\'s a statue of what in the city?§Your character§a Vinyl LP§a Bird;§§§;§§§;§§§;§§§;§§§;','2012-05-24 10:14:24'),(7,'94c3c15a85d5f44c136bc668795d53cb','Gentse Feesten',1,1,1,0,'Gent Info','gentinfo@gent.be','0032 (0)9 210 10 10','2012-07-14','2012-07-24','http://www.gentsefeesten.be','Gent','GFstadGent','GF12','GentseFeesten2012',NULL,NULL,NULL,NULL,NULL,3,1,1000000,'Van alles. Gent. De hele stad veertien dagen later in comateuze toestand.  Op zowat alle kleine en grote pleinen in het stadscentrum is er gratis muziek. Er is vuurwerk, straatvoorstellingen, de Gentse Feestenparade, het Bal 1900, de Rondgang van de Stroppendragers, markten.  Eén groot openluchtpodium.  De Gentse Feesten zijn eigenlijk een samenklontering van vele festivals en daarom the ultimate experience als je ‘densiteit’ als een van de aminozuren definieert waaruit onze festival experience is opgebouwd.  Heel tof zijn het Puppetbuskerfestival en het Internationaal Jeugdcircusfestival. Meer dan een miljoen bezoekers.','A bit of everything. Ghent. The whole city is engulfed in a 14 day party. On virtually all small and large squares in the city center there is free music. There is fireworks, street performances, the Ghent Festival Parade, Ball 1900, the Tour of the slings carriers, markets. A large outdoor stage. Is actually an agglomeration of many festivals and therefore the ultimate experience when you \'density\' as one of the amino acids which defines our festival experience is built. Very cool are the Puppet Buskers Festival and the International Youth Circus Festival. Over a million visitors.','','City@255$0$0;0$231$243;255$240$159;0$021;7$102;6$102;@Tree1$-0.05$0$-7.57$270$323.97$0$;Tree3$-3.9$0$-7.19$270$0$0$;Stand2$7.04$0$9.22$270$301.72$0$;Stand4$5.63$0$-8.72$270$62.99$0$;Stand6$1.08$0$10.47$270$278.97$0$;Speaker5$-6.99$0$2.9$270$212.49$0$;Speaker5$-7.02$0$-4.14$270$148.74$0$;Flag1$-1.8$0$-3.9$270$0$0$;Flag2$-11.03$0$-1.53$270$0$0$;Flag1$-4.1$0$-0.38$270$0$0$;Flag1$-2.16$0$3.27$270$0$0$;Flag2$-10.92$0$1.13$270$0$0$;Tree3$-8$0$-7.13$270$0$0$;Tree3$0.3$0$5.4$270$280.98$0$;Tree3$-3.59$0$5.37$270$344.73$0$;Tree3$-8.02$0$5.19$270$8.74$0$;Stand5$-3.96$0$-11.8$270$112.74$0$;Stand7$-3.18$0$10.39$270$86.24$0$;Stand6$11.24$0$-12.13$270$41.49$0$;Stand3$4.03$0$-13.94$270$75.49$0$;Stand1$-10.4$0$7.26$270$45.25$0$;Stand1$-11.6$0$-7.62$270$320.24$0$;Speaker4$2.8$0$3.05$270$336.48$0$;Speaker4$3.53$0$-6.2$270$35.99$0$;@','§;§;§;§;§;§;§;§;§;§;','How many festivals are features in this game?§73§75§78;How many different styles of music do we feature?§12§10§8;How many stars are there in the pop Area§8§6§7;How many cups must you collect before you can recycle?§10§15§20;There\'s a statue of what in the city?§Your character§a Vinyl LP§a Bird;§§§;§§§;§§§;§§§;§§§;','2012-05-24 10:14:24'),(8,'46d66d59e66972b98378e4c8aefecd74','Graspop',1,1,1,0,NULL,NULL,NULL,'2012-06-22','2012-06-25','http://www.graspop.be','Dessel',NULL,NULL,NULL,NULL,NULL,NULL,NULL,NULL,7,4,140000,'Heavy metal.  Dessel in de Antwerpse Kempen.  Ooit erg mainstream (Simple Minds, Joe Cocker) en Werchter beconcurrerend.  Dan begin jaren negentig zichzelf herdoopt tot ‘metal meeting’ en nu altijd uitverkocht als een van de grootste metalfestivals ter wereld.  Dit jaar o.a. Motörhead, Slayer, Guns ’n Roses, Ozzy Osbourne... Het publiek is al een attractie op zich: iets ouder, mannelijk, headbangend.  Ze zien er vervaarlijk uit tijdens het beleven van hun muziek maar volgens de securitymensen behoort het festival tot de rustigste en veiligste in zijn soort.  140.000 bezoekers','Heavy metal.   Dessel near Antwerp. Once very mainstream (Simple Minds, Joe Cocker) and a competitor to Werchter. Then in the early nineties renamed themselves \"\"metal meeting\"\" and now always sold out as one of the biggest metal festivals in the world. This year’s line-up includes Motorhead, Slayer, Guns\' n Roses, Ozzy Osbourne ... The audience is an attraction in itself: a little older, largely male, headbangers. They look quite threatening when they enjoy their music but we have been told by security people that they see it as the quietest and safest festival. 140,000 visitors','','Field@255$0$0;0$231$243;255$240$159;0$021;7$102;6$102;@Tree1$-0.05$0$-7.57$270$323.97$0$;Tree3$-3.9$0$-7.19$270$0$0$;Stand2$7.04$0$9.22$270$301.72$0$;Stand4$5.63$0$-8.72$270$62.99$0$;Stand6$1.08$0$10.47$270$278.97$0$;Speaker5$-6.99$0$2.9$270$212.49$0$;Speaker5$-7.02$0$-4.14$270$148.74$0$;Flag1$-1.8$0$-3.9$270$0$0$;Flag2$-11.03$0$-1.53$270$0$0$;Flag1$-4.1$0$-0.38$270$0$0$;Flag1$-2.16$0$3.27$270$0$0$;Flag2$-10.92$0$1.13$270$0$0$;Tree3$-8$0$-7.13$270$0$0$;Tree3$0.3$0$5.4$270$280.98$0$;Tree3$-3.59$0$5.37$270$344.73$0$;Tree3$-8.02$0$5.19$270$8.74$0$;Stand5$-3.96$0$-11.8$270$112.74$0$;Stand7$-3.18$0$10.39$270$86.24$0$;Stand6$11.24$0$-12.13$270$41.49$0$;Stand3$4.03$0$-13.94$270$75.49$0$;Stand1$-10.4$0$7.26$270$45.25$0$;Stand1$-11.6$0$-7.62$270$320.24$0$;Speaker4$2.8$0$3.05$270$336.48$0$;Speaker4$3.53$0$-6.2$270$35.99$0$;@','§;§;§;§;§;§;§;§;§;§;','How many festivals are features in this game?§73§75§78;How many different styles of music do we feature?§12§10§8;How many stars are there in the pop Area§8§6§7;How many cups must you collect before you can recycle?§10§15§20;There\'s a statue of what in the city?§Your character§a Vinyl LP§a Bird;§§§;§§§;§§§;§§§;§§§;','2012-05-24 10:14:24'),(9,'33a4e60c4eec3e54dedb4e40ef244b64','Lokerse Feesten',1,1,1,0,'Jan Cools','voorzitter@lokersefeesten.be','0497-24 90 03','2012-08-03','2012-08-13','www.lokersefeesten.be','Lokeren','lokersefeesten',NULL,NULL,NULL,NULL,NULL,NULL,NULL,8,1,120000,'Popfestival.  Lokeren.  Het verhaal zit ‘m hier  vooral in de affiche waar ze het verschil maken met veel andere stadsfestivallen (‘de burgemeester tracteert’).  Geldt samen met Cactus als een programmatorisch sterk festival.   Zo staan er dit jaar o.a. de Beach Boys zich te verenigen op het podium. 120.000 bezoekers.','Pop festival. Lokeren. The story lies here particularly in the line-up that differentiates them from  many other city based festivals. Together with Cactus a festival with a strong program.  This year includes a Beach Boys reunion. 120,000 visitors.','','City@255$0$0;0$231$243;255$240$159;0$021;7$102;6$102;@Tree1$-0.05$0$-7.57$270$323.97$0$;Tree3$-3.9$0$-7.19$270$0$0$;Stand2$7.04$0$9.22$270$301.72$0$;Stand4$5.63$0$-8.72$270$62.99$0$;Stand6$1.08$0$10.47$270$278.97$0$;Speaker5$-6.99$0$2.9$270$212.49$0$;Speaker5$-7.02$0$-4.14$270$148.74$0$;Flag1$-1.8$0$-3.9$270$0$0$;Flag2$-11.03$0$-1.53$270$0$0$;Flag1$-4.1$0$-0.38$270$0$0$;Flag1$-2.16$0$3.27$270$0$0$;Flag2$-10.92$0$1.13$270$0$0$;Tree3$-8$0$-7.13$270$0$0$;Tree3$0.3$0$5.4$270$280.98$0$;Tree3$-3.59$0$5.37$270$344.73$0$;Tree3$-8.02$0$5.19$270$8.74$0$;Stand5$-3.96$0$-11.8$270$112.74$0$;Stand7$-3.18$0$10.39$270$86.24$0$;Stand6$11.24$0$-12.13$270$41.49$0$;Stand3$4.03$0$-13.94$270$75.49$0$;Stand1$-10.4$0$7.26$270$45.25$0$;Stand1$-11.6$0$-7.62$270$320.24$0$;Speaker4$2.8$0$3.05$270$336.48$0$;Speaker4$3.53$0$-6.2$270$35.99$0$;@','§;§;§;§;§;§;§;§;§;§;','How many festivals are features in this game?§73§75§78;How many different styles of music do we feature?§12§10§8;How many stars are there in the pop Area§8§6§7;How many cups must you collect before you can recycle?§10§15§20;There\'s a statue of what in the city?§Your character§a Vinyl LP§a Bird;§§§;§§§;§§§;§§§;§§§;','2012-05-24 10:14:24'),(10,'a2466a71b459bff17f3378923dcc4015','Openluchttheater Rivierenhof',1,1,1,0,'Sylvie Svanberg','sylvie@openluchttheater.be','32476412562','2012-06-18','2012-07-02','http://www.openluchttheater.be','Antwerp','Arenberg_OLT','Arenberg_OLT','OpenluchttheaterRivierenhof',NULL,NULL,NULL,NULL,NULL,8,5,1200,'Antwerpen (Deurne). Ondanks beperkte capaciteit van 1200 bezoekers slaagt men er vaak in grote namen aan te trekken van het niveau Manu Chao, Buena Vista of Waterboys.  dEUS deed er ooit een verassingsconcert.  De reden is simpel: de unieke openluchtlocatie in het groen.  Zulke dingen worden doorverteld door artiesten...','Antwerp (Deurne). Despite limited capacity of 1200 visitors, they succeed often in big names to attract the level of Manu Chao, Buena Vista or Waterboys. Once the band Deus performed a surprise concert there. The reason is simple: the unique outdoor location in the green. Such things are passed along through word of mouth by artists ...','60000 bezoekers heel de zomer','Park@255$0$0;0$231$243;255$240$159;0$021;7$102;6$102;@Tree1$-0.05$0$-7.57$270$323.97$0$;Tree3$-3.9$0$-7.19$270$0$0$;Stand2$7.04$0$9.22$270$301.72$0$;Stand4$5.63$0$-8.72$270$62.99$0$;Stand6$1.08$0$10.47$270$278.97$0$;Speaker5$-6.99$0$2.9$270$212.49$0$;Speaker5$-7.02$0$-4.14$270$148.74$0$;Flag1$-1.8$0$-3.9$270$0$0$;Flag2$-11.03$0$-1.53$270$0$0$;Flag1$-4.1$0$-0.38$270$0$0$;Flag1$-2.16$0$3.27$270$0$0$;Flag2$-10.92$0$1.13$270$0$0$;Tree3$-8$0$-7.13$270$0$0$;Tree3$0.3$0$5.4$270$280.98$0$;Tree3$-3.59$0$5.37$270$344.73$0$;Tree3$-8.02$0$5.19$270$8.74$0$;Stand5$-3.96$0$-11.8$270$112.74$0$;Stand7$-3.18$0$10.39$270$86.24$0$;Stand6$11.24$0$-12.13$270$41.49$0$;Stand3$4.03$0$-13.94$270$75.49$0$;Stand1$-10.4$0$7.26$270$45.25$0$;Stand1$-11.6$0$-7.62$270$320.24$0$;Speaker4$2.8$0$3.05$270$336.48$0$;Speaker4$3.53$0$-6.2$270$35.99$0$;@','§;§;§;§;§;§;§;§;§;§;','How many festivals are features in this game?§73§75§78;How many different styles of music do we feature?§12§10§8;How many stars are there in the pop Area§8§6§7;How many cups must you collect before you can recycle?§10§15§20;There\'s a statue of what in the city?§Your character§a Vinyl LP§a Bird;§§§;§§§;§§§;§§§;§§§;','2012-05-24 10:14:24'),(11,'7af0c648883da79dee239c8e7e70165c','Polé Polé',1,1,1,0,NULL,NULL,NULL,'2012-07-14','2012-07-24','http://www.polepole.be','Gent',NULL,NULL,NULL,NULL,NULL,NULL,NULL,NULL,12,1,0,'World & dj’s.  Een succesvol  live-concept in de historische Gentse binnenstad. Uniek decor: de Graslei en de Korenlei.   Een drijvend festivaldorp, 40 live-bands, het publiek op het water. Het beste uit pop, latin en world in een uitzinnig decor... Denk aan een soort van Carnaval van Venetië zonder de maskers voor politiek correcte mensen die ook uit de bol willen','World & DJs. A successful live-concept in the historical city of Ghent. Unique scenery: the Graslei and Korenlei. A floating village festival, 40 live bands and the audience on the water. The best of pop, latin and world music in a stunning setting... Imagine the Carnival of Venice without the masks for politically correct people who also want to have a really good time.','','City@255$0$0;0$231$243;255$240$159;0$021;7$102;6$102;@Tree1$-0.05$0$-7.57$270$323.97$0$;Tree3$-3.9$0$-7.19$270$0$0$;Stand2$7.04$0$9.22$270$301.72$0$;Stand4$5.63$0$-8.72$270$62.99$0$;Stand6$1.08$0$10.47$270$278.97$0$;Speaker5$-6.99$0$2.9$270$212.49$0$;Speaker5$-7.02$0$-4.14$270$148.74$0$;Flag1$-1.8$0$-3.9$270$0$0$;Flag2$-11.03$0$-1.53$270$0$0$;Flag1$-4.1$0$-0.38$270$0$0$;Flag1$-2.16$0$3.27$270$0$0$;Flag2$-10.92$0$1.13$270$0$0$;Tree3$-8$0$-7.13$270$0$0$;Tree3$0.3$0$5.4$270$280.98$0$;Tree3$-3.59$0$5.37$270$344.73$0$;Tree3$-8.02$0$5.19$270$8.74$0$;Stand5$-3.96$0$-11.8$270$112.74$0$;Stand7$-3.18$0$10.39$270$86.24$0$;Stand6$11.24$0$-12.13$270$41.49$0$;Stand3$4.03$0$-13.94$270$75.49$0$;Stand1$-10.4$0$7.26$270$45.25$0$;Stand1$-11.6$0$-7.62$270$320.24$0$;Speaker4$2.8$0$3.05$270$336.48$0$;Speaker4$3.53$0$-6.2$270$35.99$0$;@','§;§;§;§;§;§;§;§;§;§;','How many festivals are features in this game?§73§75§78;How many different styles of music do we feature?§12§10§8;How many stars are there in the pop Area§8§6§7;How many cups must you collect before you can recycle?§10§15§20;There\'s a statue of what in the city?§Your character§a Vinyl LP§a Bird;§§§;§§§;§§§;§§§;§§§;','2012-05-24 10:14:24'),(12,'eabb58c370a8bd33cc35ba906317ae33','Pukkelpop',1,1,1,0,'katriengoossens13@hotmail.com','katrien@pukkelpop.be','0032 11 340502','2012-08-16','2012-08-19','http://www.pukkelpop.be','Hasselt/Kiewit','pukkelpop','pkp12','pukkelpop',NULL,'a:3:{s:6:\"source\";s:96:\"http://api.flickr.com/services/feeds/photos_public.gne?id=33374990@N07&lang=en-us&format=rss_200\";s:4:\"type\";s:6:\"public\";s:3:\"url\";s:15:\"id=33374990@N07\";}',NULL,NULL,NULL,10,4,180000,'Rockfestival.  Hasselt. Grote namen sowieso.   Festival van de veelheid: veelheid aan podia en tenten geeft kansen aan heel veel jong talent.  Geliefkoosd festival bij jongeren.  Hoe gaan ze om met ramp van vorig jaar tijdens deze editie?  180.000 bezoekers.','Rock festival. Hasselt. Big names. Festival of multiplicity: multiplicity of stages and tents provides opportunities for a lot of young talent. Favorite festival for young people. How do they deal with the disaster of last year during this year’s festival? 180,000 visitors.','','Field@255$0$0;0$231$243;255$240$159;0$021;7$102;6$102;@Tree1$-0.05$0$-7.57$270$323.97$0$;Tree3$-3.9$0$-7.19$270$0$0$;Stand2$7.04$0$9.22$270$301.72$0$;Stand4$5.63$0$-8.72$270$62.99$0$;Stand6$1.08$0$10.47$270$278.97$0$;Speaker5$-6.99$0$2.9$270$212.49$0$;Speaker5$-7.02$0$-4.14$270$148.74$0$;Flag1$-1.8$0$-3.9$270$0$0$;Flag2$-11.03$0$-1.53$270$0$0$;Flag1$-4.1$0$-0.38$270$0$0$;Flag1$-2.16$0$3.27$270$0$0$;Flag2$-10.92$0$1.13$270$0$0$;Tree3$-8$0$-7.13$270$0$0$;Tree3$0.3$0$5.4$270$280.98$0$;Tree3$-3.59$0$5.37$270$344.73$0$;Tree3$-8.02$0$5.19$270$8.74$0$;Stand5$-3.96$0$-11.8$270$112.74$0$;Stand7$-3.18$0$10.39$270$86.24$0$;Stand6$11.24$0$-12.13$270$41.49$0$;Stand3$4.03$0$-13.94$270$75.49$0$;Stand1$-10.4$0$7.26$270$45.25$0$;Stand1$-11.6$0$-7.62$270$320.24$0$;Speaker4$2.8$0$3.05$270$336.48$0$;Speaker4$3.53$0$-6.2$270$35.99$0$;@','§;§;§;§;§;§;§;§;§;§;','How many festivals are features in this game?§73§75§78;How many different styles of music do we feature?§12§10§8;How many stars are there in the pop Area§8§6§7;How many cups must you collect before you can recycle?§10§15§20;There\'s a statue of what in the city?§Your character§a Vinyl LP§a Bird;§§§;§§§;§§§;§§§;§§§;','2012-05-24 10:14:24'),(13,'5c729b2897b54f84780c805492951592','Reggae Geel',1,1,1,0,'Raf Peeters','info@reggaegeel.com','14583703','2012-08-03','2012-08-05','http://www.reggaegeel.com','Geel','ReggaeGeel','reggaegeel','reggae.geel',NULL,'a:3:{s:6:\"source\";s:100:\"http://api.flickr.com/services/feeds/photoset.gne?set=72157629539688704&nsid=78450654@N04&lang=en-us\";s:4:\"type\";s:3:\"set\";s:3:\"url\";s:39:\"set=72157629539688704&nsid=78450654@N04\";}',NULL,NULL,NULL,9,5,30000,'Reggaefestival.  Geel.  Rootsfestival in geel groen rood badend en met een blauwe rookwalm er bovenop.  Plek waar de Burning Spears en Lindon Kwesi Johnsons van deze planeet zich op hun gemak voelen.  Jah leeft en dan wel midden in de Antwerpse kempen... 25.000 à 30.000 fans','Reggae Festival. Geel. Roots Festival bathed in green and red with a blue cloud of smoke on top. Where the Burning Spears and Lindon Kwesi Johnsons of this planet are at ease. Rasta lives in the middle of the Antwerp region... 25,000 to 30,000 fans','','Park@255$0$0;0$231$243;255$240$159;0$021;7$102;6$102;@Tree1$-0.05$0$-7.57$270$323.97$0$;Tree3$-3.9$0$-7.19$270$0$0$;Stand2$7.04$0$9.22$270$301.72$0$;Stand4$5.63$0$-8.72$270$62.99$0$;Stand6$1.08$0$10.47$270$278.97$0$;Speaker5$-6.99$0$2.9$270$212.49$0$;Speaker5$-7.02$0$-4.14$270$148.74$0$;Flag1$-1.8$0$-3.9$270$0$0$;Flag2$-11.03$0$-1.53$270$0$0$;Flag1$-4.1$0$-0.38$270$0$0$;Flag1$-2.16$0$3.27$270$0$0$;Flag2$-10.92$0$1.13$270$0$0$;Tree3$-8$0$-7.13$270$0$0$;Tree3$0.3$0$5.4$270$280.98$0$;Tree3$-3.59$0$5.37$270$344.73$0$;Tree3$-8.02$0$5.19$270$8.74$0$;Stand5$-3.96$0$-11.8$270$112.74$0$;Stand7$-3.18$0$10.39$270$86.24$0$;Stand6$11.24$0$-12.13$270$41.49$0$;Stand3$4.03$0$-13.94$270$75.49$0$;Stand1$-10.4$0$7.26$270$45.25$0$;Stand1$-11.6$0$-7.62$270$320.24$0$;Speaker4$2.8$0$3.05$270$336.48$0$;Speaker4$3.53$0$-6.2$270$35.99$0$;@','§;§;§;§;§;§;§;§;§;§;','How many festivals are features in this game?§73§75§78;How many different styles of music do we feature?§12§10§8;How many stars are there in the pop Area§8§6§7;How many cups must you collect before you can recycle?§10§15§20;There\'s a statue of what in the city?§Your character§a Vinyl LP§a Bird;§§§;§§§;§§§;§§§;§§§;','2012-05-24 10:14:24'),(14,'e610b7c4e1ef956498a3046f573b5112','Rock Werchter',1,1,1,0,'RW office','info@rockwerrchter.be','015 29 59 00','2012-06-28','2012-07-02','http://www.rockwerchter.be','Werchter','RockWerchter','RW12','rockwerchterfestival',NULL,NULL,NULL,NULL,NULL,10,4,320000,'Rock & pop.  Werchter bij Leuven. Rock Werchter 2012 vindt plaats van donderdag 28 juni tot en met zondag 1 juli. Hoort thuis in hetzelfde rijtje als Glastonbury (die gaan niet door dit jaar) en Roskilde.  320.000 bezoekers als het uitverkocht is.  In Werchter én volgens beproefd concept.  Vier dagen lang is in het Festivalpark het beste van nu te zien en te horen op niet meer twee maar nu drie podia.','Rock and pop. Werchter in Leuven. Rock Werchter 2012 will take place from Thursday, June 28 till Sunday 1 July. Belongs in the same breath as Glastonbury (which do not go through this year) and Roskilde. 320,000 visitors when it is sold out. In accordance Werchter and proven concept. The Festival Park is the place to be, for a four-day festival where you can see and hear the best bands on not two but three stages (new this year).','','Field@255$0$0;0$231$243;255$240$159;0$021;7$102;6$102;@Tree1$-0.05$0$-7.57$270$323.97$0$;Tree3$-3.9$0$-7.19$270$0$0$;Stand2$7.04$0$9.22$270$301.72$0$;Stand4$5.63$0$-8.72$270$62.99$0$;Stand6$1.08$0$10.47$270$278.97$0$;Speaker5$-6.99$0$2.9$270$212.49$0$;Speaker5$-7.02$0$-4.14$270$148.74$0$;Flag1$-1.8$0$-3.9$270$0$0$;Flag2$-11.03$0$-1.53$270$0$0$;Flag1$-4.1$0$-0.38$270$0$0$;Flag1$-2.16$0$3.27$270$0$0$;Flag2$-10.92$0$1.13$270$0$0$;Tree3$-8$0$-7.13$270$0$0$;Tree3$0.3$0$5.4$270$280.98$0$;Tree3$-3.59$0$5.37$270$344.73$0$;Tree3$-8.02$0$5.19$270$8.74$0$;Stand5$-3.96$0$-11.8$270$112.74$0$;Stand7$-3.18$0$10.39$270$86.24$0$;Stand6$11.24$0$-12.13$270$41.49$0$;Stand3$4.03$0$-13.94$270$75.49$0$;Stand1$-10.4$0$7.26$270$45.25$0$;Stand1$-11.6$0$-7.62$270$320.24$0$;Speaker4$2.8$0$3.05$270$336.48$0$;Speaker4$3.53$0$-6.2$270$35.99$0$;@','§;§;§;§;§;§;§;§;§;§;','How many festivals are features in this game?§73§75§78;How many different styles of music do we feature?§12§10§8;How many stars are there in the pop Area§8§6§7;How many cups must you collect before you can recycle?§10§15§20;There\'s a statue of what in the city?§Your character§a Vinyl LP§a Bird;§§§;§§§;§§§;§§§;§§§;','2012-05-24 10:14:24'),(15,'355a46ad329e65ec835950edd689f9ea','Sfinks',1,1,1,0,NULL,NULL,NULL,'2012-07-27','2012-07-30','http://www.sfinks.be','Boechout',NULL,NULL,NULL,NULL,NULL,NULL,NULL,NULL,12,5,30000,'Wereldmuziek.   Boechout.  Pioniers van de nichegedachte om resoluut de folk op te geven en om world te programmeren.  Kinderdorp is even groot als de festivalweide en de sleutel van het succes nl. een gezinsfestival.  20 à 30.000 bezoekers.','World music. Boechout. Pioneers of the niche festival idea. The children’s village is just as big as the festival site and the key of its success, i.e., this is a very family-friendly festival. 20 to 30,000 visitors.','','Park@255$0$0;0$231$243;255$240$159;0$021;7$102;6$102;@Tree1$-0.05$0$-7.57$270$323.97$0$;Tree3$-3.9$0$-7.19$270$0$0$;Stand2$7.04$0$9.22$270$301.72$0$;Stand4$5.63$0$-8.72$270$62.99$0$;Stand6$1.08$0$10.47$270$278.97$0$;Speaker5$-6.99$0$2.9$270$212.49$0$;Speaker5$-7.02$0$-4.14$270$148.74$0$;Flag1$-1.8$0$-3.9$270$0$0$;Flag2$-11.03$0$-1.53$270$0$0$;Flag1$-4.1$0$-0.38$270$0$0$;Flag1$-2.16$0$3.27$270$0$0$;Flag2$-10.92$0$1.13$270$0$0$;Tree3$-8$0$-7.13$270$0$0$;Tree3$0.3$0$5.4$270$280.98$0$;Tree3$-3.59$0$5.37$270$344.73$0$;Tree3$-8.02$0$5.19$270$8.74$0$;Stand5$-3.96$0$-11.8$270$112.74$0$;Stand7$-3.18$0$10.39$270$86.24$0$;Stand6$11.24$0$-12.13$270$41.49$0$;Stand3$4.03$0$-13.94$270$75.49$0$;Stand1$-10.4$0$7.26$270$45.25$0$;Stand1$-11.6$0$-7.62$270$320.24$0$;Speaker4$2.8$0$3.05$270$336.48$0$;Speaker4$3.53$0$-6.2$270$35.99$0$;@','§;§;§;§;§;§;§;§;§;§;','How many festivals are features in this game?§73§75§78;How many different styles of music do we feature?§12§10§8;How many stars are there in the pop Area§8§6§7;How many cups must you collect before you can recycle?§10§15§20;There\'s a statue of what in the city?§Your character§a Vinyl LP§a Bird;§§§;§§§;§§§;§§§;§§§;','2012-05-24 10:14:24'),(16,'e093e519b754a28c01ea5e7c45df85eb','Win for Life Suikerrock',1,1,1,0,'Stefaan Wouters','stefaan@suikerrock.be','','2012-07-26','2012-07-30','http://www.winforlifesuikerrock.be','Tienen','suikerrock','suikerrock','suikerrock',NULL,'a:3:{s:6:\"source\";s:96:\"http://api.flickr.com/services/feeds/photos_public.gne?id=65552045@N02&lang=en-us&format=rss_200\";s:4:\"type\";s:6:\"public\";s:3:\"url\";s:15:\"id=65552045@N02\";}',NULL,NULL,NULL,8,1,100000,'Rock.  Tienen.  Tienen is de suikerklontjesstad.  Vandaar.  Affiche bevat als headliners vaak de seniorenafdeling van de rock: vorig jaar Deep Purple, dit jaar Alice Cooper en Status Quo enz.... aangevuld met jonger geweld.   Een succesformule.  100.000 bezoekers.','Rock. Tienen.   Tienen is a sugar-producing city.  Hence the name. Line-up contains headliners considered the senior division of the rock: last year Deep Purple, this year Alice Cooper and Status Quo etc. ... combined with younger talent. A formula for success. 100,000 visitors.','','City@255$0$0;0$231$243;255$240$159;0$021;7$102;6$102;@Tree1$-0.05$0$-7.57$270$323.97$0$;Tree3$-3.9$0$-7.19$270$0$0$;Stand2$7.04$0$9.22$270$301.72$0$;Stand4$5.63$0$-8.72$270$62.99$0$;Stand6$1.08$0$10.47$270$278.97$0$;Speaker5$-6.99$0$2.9$270$212.49$0$;Speaker5$-7.02$0$-4.14$270$148.74$0$;Flag1$-1.8$0$-3.9$270$0$0$;Flag2$-11.03$0$-1.53$270$0$0$;Flag1$-4.1$0$-0.38$270$0$0$;Flag1$-2.16$0$3.27$270$0$0$;Flag2$-10.92$0$1.13$270$0$0$;Tree3$-8$0$-7.13$270$0$0$;Tree3$0.3$0$5.4$270$280.98$0$;Tree3$-3.59$0$5.37$270$344.73$0$;Tree3$-8.02$0$5.19$270$8.74$0$;Stand5$-3.96$0$-11.8$270$112.74$0$;Stand7$-3.18$0$10.39$270$86.24$0$;Stand6$11.24$0$-12.13$270$41.49$0$;Stand3$4.03$0$-13.94$270$75.49$0$;Stand1$-10.4$0$7.26$270$45.25$0$;Stand1$-11.6$0$-7.62$270$320.24$0$;Speaker4$2.8$0$3.05$270$336.48$0$;Speaker4$3.53$0$-6.2$270$35.99$0$;@','§;§;§;§;§;§;§;§;§;§;','How many festivals are features in this game?§73§75§78;How many different styles of music do we feature?§12§10§8;How many stars are there in the pop Area§8§6§7;How many cups must you collect before you can recycle?§10§15§20;There\'s a statue of what in the city?§Your character§a Vinyl LP§a Bird;§§§;§§§;§§§;§§§;§§§;','2012-05-24 10:14:24'),(17,'d38f8c192e33db86b3690773b0010ce2','Tomorrowland',1,1,1,0,'Debby Wilmsen','debby@id-t.be','498522579','2012-07-27','2012-07-30','http://www.tomorrowland.be','BOOM','tomorrowlandBE','TML12','239187446124390',NULL,'a:3:{s:6:\"source\";s:42:\"http://www.flickr.com/photos/73607519@N05/\";s:4:\"type\";s:6:\"public\";s:3:\"url\";s:15:\"id=73607519@N05\";}',NULL,NULL,NULL,2,5,100000,'Dancemuziek.  Boom.  Feeëriek decor.  Vorig jaar kookte Wout Bru backstage voor de VIPS.  Vraag is 30.000 tickets boven het aanbod.  The sky lijkt de limit voor dit festival.  Dit jaar met o.a. Fatboy Slim, Martin Solveig en David Guetta.  90 à 100.000 bezoekers.','Dance Music. Boom. Magical decor. Last year Wout Bru (celebrity chef) cooked backstage for VIPs. Demand is 30,000 tickets over the supply. Have decided to apply ticket contingents or Flemings would no longer be able to visit the festival.  No longer interested in ticket sales but in package deals with Brussels Airlines and accommodation. The sky seems the limit for this festival. This year includes Fatboy Slim, David Guetta and Martin Solveig. 90 to 100,000 visitors.','','Park@255$0$0;0$231$243;255$240$159;0$021;7$102;6$102;@Tree1$-0.05$0$-7.57$270$323.97$0$;Tree3$-3.9$0$-7.19$270$0$0$;Stand2$7.04$0$9.22$270$301.72$0$;Stand4$5.63$0$-8.72$270$62.99$0$;Stand6$1.08$0$10.47$270$278.97$0$;Speaker5$-6.99$0$2.9$270$212.49$0$;Speaker5$-7.02$0$-4.14$270$148.74$0$;Flag1$-1.8$0$-3.9$270$0$0$;Flag2$-11.03$0$-1.53$270$0$0$;Flag1$-4.1$0$-0.38$270$0$0$;Flag1$-2.16$0$3.27$270$0$0$;Flag2$-10.92$0$1.13$270$0$0$;Tree3$-8$0$-7.13$270$0$0$;Tree3$0.3$0$5.4$270$280.98$0$;Tree3$-3.59$0$5.37$270$344.73$0$;Tree3$-8.02$0$5.19$270$8.74$0$;Stand5$-3.96$0$-11.8$270$112.74$0$;Stand7$-3.18$0$10.39$270$86.24$0$;Stand6$11.24$0$-12.13$270$41.49$0$;Stand3$4.03$0$-13.94$270$75.49$0$;Stand1$-10.4$0$7.26$270$45.25$0$;Stand1$-11.6$0$-7.62$270$320.24$0$;Speaker4$2.8$0$3.05$270$336.48$0$;Speaker4$3.53$0$-6.2$270$35.99$0$;@','§;§;§;§;§;§;§;§;§;§;','How many festivals are features in this game?§73§75§78;How many different styles of music do we feature?§12§10§8;How many stars are there in the pop Area§8§6§7;How many cups must you collect before you can recycle?§10§15§20;There\'s a statue of what in the city?§Your character§a Vinyl LP§a Bird;§§§;§§§;§§§;§§§;§§§;','2012-05-24 10:14:24'),(18,'d1d71d76d5ca39f19b18fe3f4b07e164','Alcatraz Festival',1,0,1,0,NULL,NULL,NULL,'2012-08-12','2012-08-13','http://www.alcatrazmusic.be','Deinze',NULL,NULL,NULL,NULL,NULL,NULL,NULL,NULL,7,6,0,'','','','Indoor@255$0$0;0$231$243;255$240$159;0$021;7$102;6$102;@Tree1$-0.05$0$-7.57$270$323.97$0$;Tree3$-3.9$0$-7.19$270$0$0$;Stand2$7.04$0$9.22$270$301.72$0$;Stand4$5.63$0$-8.72$270$62.99$0$;Stand6$1.08$0$10.47$270$278.97$0$;Speaker5$-6.99$0$2.9$270$212.49$0$;Speaker5$-7.02$0$-4.14$270$148.74$0$;Flag1$-1.8$0$-3.9$270$0$0$;Flag2$-11.03$0$-1.53$270$0$0$;Flag1$-4.1$0$-0.38$270$0$0$;Flag1$-2.16$0$3.27$270$0$0$;Flag2$-10.92$0$1.13$270$0$0$;Tree3$-8$0$-7.13$270$0$0$;Tree3$0.3$0$5.4$270$280.98$0$;Tree3$-3.59$0$5.37$270$344.73$0$;Tree3$-8.02$0$5.19$270$8.74$0$;Stand5$-3.96$0$-11.8$270$112.74$0$;Stand7$-3.18$0$10.39$270$86.24$0$;Stand6$11.24$0$-12.13$270$41.49$0$;Stand3$4.03$0$-13.94$270$75.49$0$;Stand1$-10.4$0$7.26$270$45.25$0$;Stand1$-11.6$0$-7.62$270$320.24$0$;Speaker4$2.8$0$3.05$270$336.48$0$;Speaker4$3.53$0$-6.2$270$35.99$0$;@','§;§;§;§;§;§;§;§;§;§;','How many festivals are features in this game?§73§75§78;How many different styles of music do we feature?§12§10§8;How many stars are there in the pop Area§8§6§7;How many cups must you collect before you can recycle?§10§15§20;There\'s a statue of what in the city?§Your character§a Vinyl LP§a Bird;§§§;§§§;§§§;§§§;§§§;','2012-05-24 10:14:24'),(19,'77e16b661a650819c55bdc5bb7bc3ba4','Bengelpop',1,0,1,0,NULL,NULL,NULL,'2012-06-26','2012-06-27','http://www.keiheuvel.be','Balen',NULL,NULL,NULL,NULL,NULL,NULL,NULL,NULL,8,5,0,'','','','Park@255$0$0;0$231$243;255$240$159;0$021;7$102;6$102;@Tree1$-0.05$0$-7.57$270$323.97$0$;Tree3$-3.9$0$-7.19$270$0$0$;Stand2$7.04$0$9.22$270$301.72$0$;Stand4$5.63$0$-8.72$270$62.99$0$;Stand6$1.08$0$10.47$270$278.97$0$;Speaker5$-6.99$0$2.9$270$212.49$0$;Speaker5$-7.02$0$-4.14$270$148.74$0$;Flag1$-1.8$0$-3.9$270$0$0$;Flag2$-11.03$0$-1.53$270$0$0$;Flag1$-4.1$0$-0.38$270$0$0$;Flag1$-2.16$0$3.27$270$0$0$;Flag2$-10.92$0$1.13$270$0$0$;Tree3$-8$0$-7.13$270$0$0$;Tree3$0.3$0$5.4$270$280.98$0$;Tree3$-3.59$0$5.37$270$344.73$0$;Tree3$-8.02$0$5.19$270$8.74$0$;Stand5$-3.96$0$-11.8$270$112.74$0$;Stand7$-3.18$0$10.39$270$86.24$0$;Stand6$11.24$0$-12.13$270$41.49$0$;Stand3$4.03$0$-13.94$270$75.49$0$;Stand1$-10.4$0$7.26$270$45.25$0$;Stand1$-11.6$0$-7.62$270$320.24$0$;Speaker4$2.8$0$3.05$270$336.48$0$;Speaker4$3.53$0$-6.2$270$35.99$0$;@','§;§;§;§;§;§;§;§;§;§;','How many festivals are features in this game?§73§75§78;How many different styles of music do we feature?§12§10§8;How many stars are there in the pop Area§8§6§7;How many cups must you collect before you can recycle?§10§15§20;There\'s a statue of what in the city?§Your character§a Vinyl LP§a Bird;§§§;§§§;§§§;§§§;§§§;','2012-05-24 10:14:24'),(20,'928a443cd1989ffd44de54f3dfc5f522','BoerenRock',1,0,1,0,'Hugo Verheyen','hugo@boerenrock.be','474694409','2012-08-24','2012-08-27','www.boerenrock.be','Kortenaken','boerenrockvzw',NULL,'boerenrock',NULL,NULL,NULL,NULL,NULL,8,4,11000,'','','','Field@255$0$0;0$231$243;255$240$159;0$021;7$102;6$102;@Tree1$-0.05$0$-7.57$270$323.97$0$;Tree3$-3.9$0$-7.19$270$0$0$;Stand2$7.04$0$9.22$270$301.72$0$;Stand4$5.63$0$-8.72$270$62.99$0$;Stand6$1.08$0$10.47$270$278.97$0$;Speaker5$-6.99$0$2.9$270$212.49$0$;Speaker5$-7.02$0$-4.14$270$148.74$0$;Flag1$-1.8$0$-3.9$270$0$0$;Flag2$-11.03$0$-1.53$270$0$0$;Flag1$-4.1$0$-0.38$270$0$0$;Flag1$-2.16$0$3.27$270$0$0$;Flag2$-10.92$0$1.13$270$0$0$;Tree3$-8$0$-7.13$270$0$0$;Tree3$0.3$0$5.4$270$280.98$0$;Tree3$-3.59$0$5.37$270$344.73$0$;Tree3$-8.02$0$5.19$270$8.74$0$;Stand5$-3.96$0$-11.8$270$112.74$0$;Stand7$-3.18$0$10.39$270$86.24$0$;Stand6$11.24$0$-12.13$270$41.49$0$;Stand3$4.03$0$-13.94$270$75.49$0$;Stand1$-10.4$0$7.26$270$45.25$0$;Stand1$-11.6$0$-7.62$270$320.24$0$;Speaker4$2.8$0$3.05$270$336.48$0$;Speaker4$3.53$0$-6.2$270$35.99$0$;@','§;§;§;§;§;§;§;§;§;§;','How many festivals are features in this game?§73§75§78;How many different styles of music do we feature?§12§10§8;How many stars are there in the pop Area§8§6§7;How many cups must you collect before you can recycle?§10§15§20;There\'s a statue of what in the city?§Your character§a Vinyl LP§a Bird;§§§;§§§;§§§;§§§;§§§;','2012-05-24 10:14:24'),(21,'94801f113f895634c15632d04bad66cd','Brosella Jazz en Folk',1,0,1,0,NULL,NULL,NULL,'2012-08-14','2012-08-16','http://www.brosella.be','Brussel',NULL,NULL,NULL,NULL,NULL,NULL,NULL,NULL,5,1,25000,'','','','City@255$0$0;0$231$243;255$240$159;0$021;7$102;6$102;@Tree1$-0.05$0$-7.57$270$323.97$0$;Tree3$-3.9$0$-7.19$270$0$0$;Stand2$7.04$0$9.22$270$301.72$0$;Stand4$5.63$0$-8.72$270$62.99$0$;Stand6$1.08$0$10.47$270$278.97$0$;Speaker5$-6.99$0$2.9$270$212.49$0$;Speaker5$-7.02$0$-4.14$270$148.74$0$;Flag1$-1.8$0$-3.9$270$0$0$;Flag2$-11.03$0$-1.53$270$0$0$;Flag1$-4.1$0$-0.38$270$0$0$;Flag1$-2.16$0$3.27$270$0$0$;Flag2$-10.92$0$1.13$270$0$0$;Tree3$-8$0$-7.13$270$0$0$;Tree3$0.3$0$5.4$270$280.98$0$;Tree3$-3.59$0$5.37$270$344.73$0$;Tree3$-8.02$0$5.19$270$8.74$0$;Stand5$-3.96$0$-11.8$270$112.74$0$;Stand7$-3.18$0$10.39$270$86.24$0$;Stand6$11.24$0$-12.13$270$41.49$0$;Stand3$4.03$0$-13.94$270$75.49$0$;Stand1$-10.4$0$7.26$270$45.25$0$;Stand1$-11.6$0$-7.62$270$320.24$0$;Speaker4$2.8$0$3.05$270$336.48$0$;Speaker4$3.53$0$-6.2$270$35.99$0$;@','§;§;§;§;§;§;§;§;§;§;','How many festivals are features in this game?§73§75§78;How many different styles of music do we feature?§12§10§8;How many stars are there in the pop Area§8§6§7;How many cups must you collect before you can recycle?§10§15§20;There\'s a statue of what in the city?§Your character§a Vinyl LP§a Bird;§§§;§§§;§§§;§§§;§§§;','2012-05-24 10:14:24'),(22,'d78efef18b80b303ecd6ea8a9d8c8dfe','Bruksellive',1,0,1,0,'Roeland Grolus','roeland@bruksellive.be','0494/84.20.86','1970-01-01','1970-01-02','http://www.bruksellive.be','Brussel','bruksellive','bruksellive','bruksellive',NULL,NULL,NULL,NULL,NULL,8,5,23000,'','','','Park@255$0$0;0$231$243;255$240$159;0$021;7$102;6$102;@Tree1$-0.05$0$-7.57$270$323.97$0$;Tree3$-3.9$0$-7.19$270$0$0$;Stand2$7.04$0$9.22$270$301.72$0$;Stand4$5.63$0$-8.72$270$62.99$0$;Stand6$1.08$0$10.47$270$278.97$0$;Speaker5$-6.99$0$2.9$270$212.49$0$;Speaker5$-7.02$0$-4.14$270$148.74$0$;Flag1$-1.8$0$-3.9$270$0$0$;Flag2$-11.03$0$-1.53$270$0$0$;Flag1$-4.1$0$-0.38$270$0$0$;Flag1$-2.16$0$3.27$270$0$0$;Flag2$-10.92$0$1.13$270$0$0$;Tree3$-8$0$-7.13$270$0$0$;Tree3$0.3$0$5.4$270$280.98$0$;Tree3$-3.59$0$5.37$270$344.73$0$;Tree3$-8.02$0$5.19$270$8.74$0$;Stand5$-3.96$0$-11.8$270$112.74$0$;Stand7$-3.18$0$10.39$270$86.24$0$;Stand6$11.24$0$-12.13$270$41.49$0$;Stand3$4.03$0$-13.94$270$75.49$0$;Stand1$-10.4$0$7.26$270$45.25$0$;Stand1$-11.6$0$-7.62$270$320.24$0$;Speaker4$2.8$0$3.05$270$336.48$0$;Speaker4$3.53$0$-6.2$270$35.99$0$;@','§;§;§;§;§;§;§;§;§;§;','How many festivals are features in this game?§73§75§78;How many different styles of music do we feature?§12§10§8;How many stars are there in the pop Area§8§6§7;How many cups must you collect before you can recycle?§10§15§20;There\'s a statue of what in the city?§Your character§a Vinyl LP§a Bird;§§§;§§§;§§§;§§§;§§§;','2012-05-24 10:14:24'),(23,'9598717bc8ec284d8210ff5b5830c53e','Casa Blanca Festival',1,0,1,0,'Maarten Mennes','maarten@casablancafestival.be','0486 34 92 80','2012-08-01','2012-08-05','http://www.casablancafestival.be/','Abdij Hemiksem','casablancafest','casab12','Casablancafestival',NULL,NULL,NULL,NULL,NULL,12,4,73000,'','','','Field@255$0$0;0$231$243;255$240$159;0$021;7$102;6$102;@Tree1$-0.05$0$-7.57$270$323.97$0$;Tree3$-3.9$0$-7.19$270$0$0$;Stand2$7.04$0$9.22$270$301.72$0$;Stand4$5.63$0$-8.72$270$62.99$0$;Stand6$1.08$0$10.47$270$278.97$0$;Speaker5$-6.99$0$2.9$270$212.49$0$;Speaker5$-7.02$0$-4.14$270$148.74$0$;Flag1$-1.8$0$-3.9$270$0$0$;Flag2$-11.03$0$-1.53$270$0$0$;Flag1$-4.1$0$-0.38$270$0$0$;Flag1$-2.16$0$3.27$270$0$0$;Flag2$-10.92$0$1.13$270$0$0$;Tree3$-8$0$-7.13$270$0$0$;Tree3$0.3$0$5.4$270$280.98$0$;Tree3$-3.59$0$5.37$270$344.73$0$;Tree3$-8.02$0$5.19$270$8.74$0$;Stand5$-3.96$0$-11.8$270$112.74$0$;Stand7$-3.18$0$10.39$270$86.24$0$;Stand6$11.24$0$-12.13$270$41.49$0$;Stand3$4.03$0$-13.94$270$75.49$0$;Stand1$-10.4$0$7.26$270$45.25$0$;Stand1$-11.6$0$-7.62$270$320.24$0$;Speaker4$2.8$0$3.05$270$336.48$0$;Speaker4$3.53$0$-6.2$270$35.99$0$;@','§;§;§;§;§;§;§;§;§;§;','How many festivals are features in this game?§73§75§78;How many different styles of music do we feature?§12§10§8;How many stars are there in the pop Area§8§6§7;How many cups must you collect before you can recycle?§10§15§20;There\'s a statue of what in the city?§Your character§a Vinyl LP§a Bird;§§§;§§§;§§§;§§§;§§§;','2012-05-24 10:14:24'),(24,'47528c0c4f506b13d7dc7976b8992fd9','CrammerocK',1,0,1,0,'Davey Rogiest','davey@crammerock.be','32479518018','2012-08-31','2012-09-02','http://www.crammerock.be','Stekene','crammerock','CR12','Crammerock',NULL,NULL,NULL,NULL,NULL,10,4,22000,'','','','Field@255$0$0;0$231$243;255$240$159;0$021;7$102;6$102;@Tree1$-0.05$0$-7.57$270$323.97$0$;Tree3$-3.9$0$-7.19$270$0$0$;Stand2$7.04$0$9.22$270$301.72$0$;Stand4$5.63$0$-8.72$270$62.99$0$;Stand6$1.08$0$10.47$270$278.97$0$;Speaker5$-6.99$0$2.9$270$212.49$0$;Speaker5$-7.02$0$-4.14$270$148.74$0$;Flag1$-1.8$0$-3.9$270$0$0$;Flag2$-11.03$0$-1.53$270$0$0$;Flag1$-4.1$0$-0.38$270$0$0$;Flag1$-2.16$0$3.27$270$0$0$;Flag2$-10.92$0$1.13$270$0$0$;Tree3$-8$0$-7.13$270$0$0$;Tree3$0.3$0$5.4$270$280.98$0$;Tree3$-3.59$0$5.37$270$344.73$0$;Tree3$-8.02$0$5.19$270$8.74$0$;Stand5$-3.96$0$-11.8$270$112.74$0$;Stand7$-3.18$0$10.39$270$86.24$0$;Stand6$11.24$0$-12.13$270$41.49$0$;Stand3$4.03$0$-13.94$270$75.49$0$;Stand1$-10.4$0$7.26$270$45.25$0$;Stand1$-11.6$0$-7.62$270$320.24$0$;Speaker4$2.8$0$3.05$270$336.48$0$;Speaker4$3.53$0$-6.2$270$35.99$0$;@','§;§;§;§;§;§;§;§;§;§;','How many festivals are features in this game?§73§75§78;How many different styles of music do we feature?§12§10§8;How many stars are there in the pop Area§8§6§7;How many cups must you collect before you can recycle?§10§15§20;There\'s a statue of what in the city?§Your character§a Vinyl LP§a Bird;§§§;§§§;§§§;§§§;§§§;','2012-05-24 10:14:24'),(25,'b9d77ec995b467699d379768b54055fd','Djangofestival',1,0,1,0,NULL,NULL,NULL,'2012-05-05','2012-05-07','http://www.djangoliberchies.be/','Liberchies',NULL,NULL,NULL,NULL,NULL,NULL,NULL,NULL,5,1,0,'','','','City@255$0$0;0$231$243;255$240$159;0$021;7$102;6$102;@Tree1$-0.05$0$-7.57$270$323.97$0$;Tree3$-3.9$0$-7.19$270$0$0$;Stand2$7.04$0$9.22$270$301.72$0$;Stand4$5.63$0$-8.72$270$62.99$0$;Stand6$1.08$0$10.47$270$278.97$0$;Speaker5$-6.99$0$2.9$270$212.49$0$;Speaker5$-7.02$0$-4.14$270$148.74$0$;Flag1$-1.8$0$-3.9$270$0$0$;Flag2$-11.03$0$-1.53$270$0$0$;Flag1$-4.1$0$-0.38$270$0$0$;Flag1$-2.16$0$3.27$270$0$0$;Flag2$-10.92$0$1.13$270$0$0$;Tree3$-8$0$-7.13$270$0$0$;Tree3$0.3$0$5.4$270$280.98$0$;Tree3$-3.59$0$5.37$270$344.73$0$;Tree3$-8.02$0$5.19$270$8.74$0$;Stand5$-3.96$0$-11.8$270$112.74$0$;Stand7$-3.18$0$10.39$270$86.24$0$;Stand6$11.24$0$-12.13$270$41.49$0$;Stand3$4.03$0$-13.94$270$75.49$0$;Stand1$-10.4$0$7.26$270$45.25$0$;Stand1$-11.6$0$-7.62$270$320.24$0$;Speaker4$2.8$0$3.05$270$336.48$0$;Speaker4$3.53$0$-6.2$270$35.99$0$;@','§;§;§;§;§;§;§;§;§;§;','How many festivals are features in this game?§73§75§78;How many different styles of music do we feature?§12§10§8;How many stars are there in the pop Area§8§6§7;How many cups must you collect before you can recycle?§10§15§20;There\'s a statue of what in the city?§Your character§a Vinyl LP§a Bird;§§§;§§§;§§§;§§§;§§§;','2012-05-24 10:14:24'),(26,'31b5e46de94fb8701188cedd989dd5e7','Festival van Vlaanderen Antwerpen',1,0,1,0,NULL,NULL,NULL,NULL,NULL,'http://www.amuz.be','Antwerpen',NULL,NULL,NULL,NULL,NULL,NULL,NULL,NULL,6,6,0,'','','','Indoor@255$0$0;0$231$243;255$240$159;0$021;7$102;6$102;@Tree1$-0.05$0$-7.57$270$323.97$0$;Tree3$-3.9$0$-7.19$270$0$0$;Stand2$7.04$0$9.22$270$301.72$0$;Stand4$5.63$0$-8.72$270$62.99$0$;Stand6$1.08$0$10.47$270$278.97$0$;Speaker5$-6.99$0$2.9$270$212.49$0$;Speaker5$-7.02$0$-4.14$270$148.74$0$;Flag1$-1.8$0$-3.9$270$0$0$;Flag2$-11.03$0$-1.53$270$0$0$;Flag1$-4.1$0$-0.38$270$0$0$;Flag1$-2.16$0$3.27$270$0$0$;Flag2$-10.92$0$1.13$270$0$0$;Tree3$-8$0$-7.13$270$0$0$;Tree3$0.3$0$5.4$270$280.98$0$;Tree3$-3.59$0$5.37$270$344.73$0$;Tree3$-8.02$0$5.19$270$8.74$0$;Stand5$-3.96$0$-11.8$270$112.74$0$;Stand7$-3.18$0$10.39$270$86.24$0$;Stand6$11.24$0$-12.13$270$41.49$0$;Stand3$4.03$0$-13.94$270$75.49$0$;Stand1$-10.4$0$7.26$270$45.25$0$;Stand1$-11.6$0$-7.62$270$320.24$0$;Speaker4$2.8$0$3.05$270$336.48$0$;Speaker4$3.53$0$-6.2$270$35.99$0$;@','§;§;§;§;§;§;§;§;§;§;','How many festivals are features in this game?§73§75§78;How many different styles of music do we feature?§12§10§8;How many stars are there in the pop Area§8§6§7;How many cups must you collect before you can recycle?§10§15§20;There\'s a statue of what in the city?§Your character§a Vinyl LP§a Bird;§§§;§§§;§§§;§§§;§§§;','2012-05-24 10:14:24'),(27,'0a80b94c666e0c83d102ef05fa0409c6','Festival van Vlaanderen Brugge',1,0,1,0,NULL,NULL,NULL,'2012-08-03','2012-08-13','http://www.mafestival.be','Brugge',NULL,NULL,NULL,NULL,NULL,NULL,NULL,NULL,6,6,0,'','','','Indoor@255$0$0;0$231$243;255$240$159;0$021;7$102;6$102;@Tree1$-0.05$0$-7.57$270$323.97$0$;Tree3$-3.9$0$-7.19$270$0$0$;Stand2$7.04$0$9.22$270$301.72$0$;Stand4$5.63$0$-8.72$270$62.99$0$;Stand6$1.08$0$10.47$270$278.97$0$;Speaker5$-6.99$0$2.9$270$212.49$0$;Speaker5$-7.02$0$-4.14$270$148.74$0$;Flag1$-1.8$0$-3.9$270$0$0$;Flag2$-11.03$0$-1.53$270$0$0$;Flag1$-4.1$0$-0.38$270$0$0$;Flag1$-2.16$0$3.27$270$0$0$;Flag2$-10.92$0$1.13$270$0$0$;Tree3$-8$0$-7.13$270$0$0$;Tree3$0.3$0$5.4$270$280.98$0$;Tree3$-3.59$0$5.37$270$344.73$0$;Tree3$-8.02$0$5.19$270$8.74$0$;Stand5$-3.96$0$-11.8$270$112.74$0$;Stand7$-3.18$0$10.39$270$86.24$0$;Stand6$11.24$0$-12.13$270$41.49$0$;Stand3$4.03$0$-13.94$270$75.49$0$;Stand1$-10.4$0$7.26$270$45.25$0$;Stand1$-11.6$0$-7.62$270$320.24$0$;Speaker4$2.8$0$3.05$270$336.48$0$;Speaker4$3.53$0$-6.2$270$35.99$0$;@','§;§;§;§;§;§;§;§;§;§;','How many festivals are features in this game?§73§75§78;How many different styles of music do we feature?§12§10§8;How many stars are there in the pop Area§8§6§7;How many cups must you collect before you can recycle?§10§15§20;There\'s a statue of what in the city?§Your character§a Vinyl LP§a Bird;§§§;§§§;§§§;§§§;§§§;','2012-05-24 10:14:24'),(28,'e7df331738fe3b778cbda8a276cc7399','Festival van Vlaanderen Brussel',1,0,1,0,'Sophie Detremmerie','sophie@festival.be','0475 960 424','2012-08-31','2012-09-05','http://www.klarafestival.be','Brussel',NULL,'klarafest','KlaraFestival',NULL,'a:3:{s:6:\"source\";s:96:\"http://api.flickr.com/services/feeds/photos_public.gne?id=25921075@N06&lang=en-us&format=rss_200\";s:4:\"type\";s:6:\"public\";s:3:\"url\";s:15:\"id=25921075@N06\";}',NULL,NULL,NULL,6,6,0,'','','','Indoor@255$0$0;0$231$243;255$240$159;0$021;7$102;6$102;@Tree1$-0.05$0$-7.57$270$323.97$0$;Tree3$-3.9$0$-7.19$270$0$0$;Stand2$7.04$0$9.22$270$301.72$0$;Stand4$5.63$0$-8.72$270$62.99$0$;Stand6$1.08$0$10.47$270$278.97$0$;Speaker5$-6.99$0$2.9$270$212.49$0$;Speaker5$-7.02$0$-4.14$270$148.74$0$;Flag1$-1.8$0$-3.9$270$0$0$;Flag2$-11.03$0$-1.53$270$0$0$;Flag1$-4.1$0$-0.38$270$0$0$;Flag1$-2.16$0$3.27$270$0$0$;Flag2$-10.92$0$1.13$270$0$0$;Tree3$-8$0$-7.13$270$0$0$;Tree3$0.3$0$5.4$270$280.98$0$;Tree3$-3.59$0$5.37$270$344.73$0$;Tree3$-8.02$0$5.19$270$8.74$0$;Stand5$-3.96$0$-11.8$270$112.74$0$;Stand7$-3.18$0$10.39$270$86.24$0$;Stand6$11.24$0$-12.13$270$41.49$0$;Stand3$4.03$0$-13.94$270$75.49$0$;Stand1$-10.4$0$7.26$270$45.25$0$;Stand1$-11.6$0$-7.62$270$320.24$0$;Speaker4$2.8$0$3.05$270$336.48$0$;Speaker4$3.53$0$-6.2$270$35.99$0$;@','§;§;§;§;§;§;§;§;§;§;','How many festivals are features in this game?§73§75§78;How many different styles of music do we feature?§12§10§8;How many stars are there in the pop Area§8§6§7;How many cups must you collect before you can recycle?§10§15§20;There\'s a statue of what in the city?§Your character§a Vinyl LP§a Bird;§§§;§§§;§§§;§§§;§§§;','2012-05-24 10:14:24'),(29,'fc2dac86c75d2922ad2f37969f5a0cc6','Festival van Vlaanderen Limburg',1,0,1,0,NULL,NULL,NULL,NULL,NULL,'http://www.basilica.be','/',NULL,NULL,NULL,NULL,NULL,NULL,NULL,NULL,6,6,0,'','','','Indoor@255$0$0;0$231$243;255$240$159;0$021;7$102;6$102;@Tree1$-0.05$0$-7.57$270$323.97$0$;Tree3$-3.9$0$-7.19$270$0$0$;Stand2$7.04$0$9.22$270$301.72$0$;Stand4$5.63$0$-8.72$270$62.99$0$;Stand6$1.08$0$10.47$270$278.97$0$;Speaker5$-6.99$0$2.9$270$212.49$0$;Speaker5$-7.02$0$-4.14$270$148.74$0$;Flag1$-1.8$0$-3.9$270$0$0$;Flag2$-11.03$0$-1.53$270$0$0$;Flag1$-4.1$0$-0.38$270$0$0$;Flag1$-2.16$0$3.27$270$0$0$;Flag2$-10.92$0$1.13$270$0$0$;Tree3$-8$0$-7.13$270$0$0$;Tree3$0.3$0$5.4$270$280.98$0$;Tree3$-3.59$0$5.37$270$344.73$0$;Tree3$-8.02$0$5.19$270$8.74$0$;Stand5$-3.96$0$-11.8$270$112.74$0$;Stand7$-3.18$0$10.39$270$86.24$0$;Stand6$11.24$0$-12.13$270$41.49$0$;Stand3$4.03$0$-13.94$270$75.49$0$;Stand1$-10.4$0$7.26$270$45.25$0$;Stand1$-11.6$0$-7.62$270$320.24$0$;Speaker4$2.8$0$3.05$270$336.48$0$;Speaker4$3.53$0$-6.2$270$35.99$0$;@','§;§;§;§;§;§;§;§;§;§;','How many festivals are features in this game?§73§75§78;How many different styles of music do we feature?§12§10§8;How many stars are there in the pop Area§8§6§7;How many cups must you collect before you can recycle?§10§15§20;There\'s a statue of what in the city?§Your character§a Vinyl LP§a Bird;§§§;§§§;§§§;§§§;§§§;','2012-05-24 10:14:24'),(30,'7bd41a970412803a6cd15e2041968248','Festival van Vlaanderen Mechelen',1,0,1,0,NULL,NULL,NULL,NULL,NULL,'http://www.festivalmechelen.be','Mechelen',NULL,NULL,NULL,NULL,NULL,NULL,NULL,NULL,6,6,0,'','','','Indoor@255$0$0;0$231$243;255$240$159;0$021;7$102;6$102;@Tree1$-0.05$0$-7.57$270$323.97$0$;Tree3$-3.9$0$-7.19$270$0$0$;Stand2$7.04$0$9.22$270$301.72$0$;Stand4$5.63$0$-8.72$270$62.99$0$;Stand6$1.08$0$10.47$270$278.97$0$;Speaker5$-6.99$0$2.9$270$212.49$0$;Speaker5$-7.02$0$-4.14$270$148.74$0$;Flag1$-1.8$0$-3.9$270$0$0$;Flag2$-11.03$0$-1.53$270$0$0$;Flag1$-4.1$0$-0.38$270$0$0$;Flag1$-2.16$0$3.27$270$0$0$;Flag2$-10.92$0$1.13$270$0$0$;Tree3$-8$0$-7.13$270$0$0$;Tree3$0.3$0$5.4$270$280.98$0$;Tree3$-3.59$0$5.37$270$344.73$0$;Tree3$-8.02$0$5.19$270$8.74$0$;Stand5$-3.96$0$-11.8$270$112.74$0$;Stand7$-3.18$0$10.39$270$86.24$0$;Stand6$11.24$0$-12.13$270$41.49$0$;Stand3$4.03$0$-13.94$270$75.49$0$;Stand1$-10.4$0$7.26$270$45.25$0$;Stand1$-11.6$0$-7.62$270$320.24$0$;Speaker4$2.8$0$3.05$270$336.48$0$;Speaker4$3.53$0$-6.2$270$35.99$0$;@','§;§;§;§;§;§;§;§;§;§;','How many festivals are features in this game?§73§75§78;How many different styles of music do we feature?§12§10§8;How many stars are there in the pop Area§8§6§7;How many cups must you collect before you can recycle?§10§15§20;There\'s a statue of what in the city?§Your character§a Vinyl LP§a Bird;§§§;§§§;§§§;§§§;§§§;','2012-05-24 10:14:24'),(31,'142e8e7e60ee5dced284eb80ec65ff7b','Festival van Vlaanderen Vlaams Brabant',1,0,1,0,NULL,NULL,NULL,'2012-09-14','2012-10-14','http://www.festivalvlaamsbrabant.be','Leuven',NULL,NULL,NULL,NULL,NULL,NULL,NULL,NULL,6,6,0,'','','','Indoor@255$0$0;0$231$243;255$240$159;0$021;7$102;6$102;@Tree1$-0.05$0$-7.57$270$323.97$0$;Tree3$-3.9$0$-7.19$270$0$0$;Stand2$7.04$0$9.22$270$301.72$0$;Stand4$5.63$0$-8.72$270$62.99$0$;Stand6$1.08$0$10.47$270$278.97$0$;Speaker5$-6.99$0$2.9$270$212.49$0$;Speaker5$-7.02$0$-4.14$270$148.74$0$;Flag1$-1.8$0$-3.9$270$0$0$;Flag2$-11.03$0$-1.53$270$0$0$;Flag1$-4.1$0$-0.38$270$0$0$;Flag1$-2.16$0$3.27$270$0$0$;Flag2$-10.92$0$1.13$270$0$0$;Tree3$-8$0$-7.13$270$0$0$;Tree3$0.3$0$5.4$270$280.98$0$;Tree3$-3.59$0$5.37$270$344.73$0$;Tree3$-8.02$0$5.19$270$8.74$0$;Stand5$-3.96$0$-11.8$270$112.74$0$;Stand7$-3.18$0$10.39$270$86.24$0$;Stand6$11.24$0$-12.13$270$41.49$0$;Stand3$4.03$0$-13.94$270$75.49$0$;Stand1$-10.4$0$7.26$270$45.25$0$;Stand1$-11.6$0$-7.62$270$320.24$0$;Speaker4$2.8$0$3.05$270$336.48$0$;Speaker4$3.53$0$-6.2$270$35.99$0$;@','§;§;§;§;§;§;§;§;§;§;','How many festivals are features in this game?§73§75§78;How many different styles of music do we feature?§12§10§8;How many stars are there in the pop Area§8§6§7;How many cups must you collect before you can recycle?§10§15§20;There\'s a statue of what in the city?§Your character§a Vinyl LP§a Bird;§§§;§§§;§§§;§§§;§§§;','2012-05-24 10:14:24'),(32,'8920a96e7f5fe18d7fc64bae0a036dee','Fiesta Mundial',1,0,1,0,NULL,NULL,NULL,'2012-09-28','2012-10-01','http://www.fiestamundial.be','Balen',NULL,NULL,NULL,NULL,NULL,NULL,NULL,NULL,12,5,0,'','','','Park@255$0$0;0$231$243;255$240$159;0$021;7$102;6$102;@Tree1$-0.05$0$-7.57$270$323.97$0$;Tree3$-3.9$0$-7.19$270$0$0$;Stand2$7.04$0$9.22$270$301.72$0$;Stand4$5.63$0$-8.72$270$62.99$0$;Stand6$1.08$0$10.47$270$278.97$0$;Speaker5$-6.99$0$2.9$270$212.49$0$;Speaker5$-7.02$0$-4.14$270$148.74$0$;Flag1$-1.8$0$-3.9$270$0$0$;Flag2$-11.03$0$-1.53$270$0$0$;Flag1$-4.1$0$-0.38$270$0$0$;Flag1$-2.16$0$3.27$270$0$0$;Flag2$-10.92$0$1.13$270$0$0$;Tree3$-8$0$-7.13$270$0$0$;Tree3$0.3$0$5.4$270$280.98$0$;Tree3$-3.59$0$5.37$270$344.73$0$;Tree3$-8.02$0$5.19$270$8.74$0$;Stand5$-3.96$0$-11.8$270$112.74$0$;Stand7$-3.18$0$10.39$270$86.24$0$;Stand6$11.24$0$-12.13$270$41.49$0$;Stand3$4.03$0$-13.94$270$75.49$0$;Stand1$-10.4$0$7.26$270$45.25$0$;Stand1$-11.6$0$-7.62$270$320.24$0$;Speaker4$2.8$0$3.05$270$336.48$0$;Speaker4$3.53$0$-6.2$270$35.99$0$;@','§;§;§;§;§;§;§;§;§;§;','How many festivals are features in this game?§73§75§78;How many different styles of music do we feature?§12§10§8;How many stars are there in the pop Area§8§6§7;How many cups must you collect before you can recycle?§10§15§20;There\'s a statue of what in the city?§Your character§a Vinyl LP§a Bird;§§§;§§§;§§§;§§§;§§§;','2012-05-24 10:14:24'),(33,'ea443d7aa714964a25d19b9b63ac3801','Genk On Stage',1,0,1,0,'Roel Rabijns','roel.rabijns@genk.be','089/654455','2012-06-22','2012-06-25','http://www.genkonstage.be','Genk','genkonstage','genkonstage','genkonstage',NULL,'a:3:{s:6:\"source\";s:96:\"http://api.flickr.com/services/feeds/photos_public.gne?id=61506528@N04&lang=en-us&format=rss_200\";s:4:\"type\";s:6:\"public\";s:3:\"url\";s:15:\"id=61506528@N04\";}',NULL,NULL,NULL,10,1,140000,'','','','City@255$0$0;0$231$243;255$240$159;0$021;7$102;6$102;@Tree1$-0.05$0$-7.57$270$323.97$0$;Tree3$-3.9$0$-7.19$270$0$0$;Stand2$7.04$0$9.22$270$301.72$0$;Stand4$5.63$0$-8.72$270$62.99$0$;Stand6$1.08$0$10.47$270$278.97$0$;Speaker5$-6.99$0$2.9$270$212.49$0$;Speaker5$-7.02$0$-4.14$270$148.74$0$;Flag1$-1.8$0$-3.9$270$0$0$;Flag2$-11.03$0$-1.53$270$0$0$;Flag1$-4.1$0$-0.38$270$0$0$;Flag1$-2.16$0$3.27$270$0$0$;Flag2$-10.92$0$1.13$270$0$0$;Tree3$-8$0$-7.13$270$0$0$;Tree3$0.3$0$5.4$270$280.98$0$;Tree3$-3.59$0$5.37$270$344.73$0$;Tree3$-8.02$0$5.19$270$8.74$0$;Stand5$-3.96$0$-11.8$270$112.74$0$;Stand7$-3.18$0$10.39$270$86.24$0$;Stand6$11.24$0$-12.13$270$41.49$0$;Stand3$4.03$0$-13.94$270$75.49$0$;Stand1$-10.4$0$7.26$270$45.25$0$;Stand1$-11.6$0$-7.62$270$320.24$0$;Speaker4$2.8$0$3.05$270$336.48$0$;Speaker4$3.53$0$-6.2$270$35.99$0$;@','§;§;§;§;§;§;§;§;§;§;','How many festivals are features in this game?§73§75§78;How many different styles of music do we feature?§12§10§8;How many stars are there in the pop Area§8§6§7;How many cups must you collect before you can recycle?§10§15§20;There\'s a statue of what in the city?§Your character§a Vinyl LP§a Bird;§§§;§§§;§§§;§§§;§§§;','2012-05-24 10:14:24'),(34,'792696f162c3a491d91fa228992ade40','Gladiolen',1,0,1,0,NULL,NULL,NULL,'2012-05-25','2012-05-27','http://www.gladiolen.be/','Olen',NULL,NULL,NULL,NULL,NULL,NULL,NULL,NULL,10,4,16000,'','','','Field@255$0$0;0$231$243;255$240$159;0$021;7$102;6$102;@Tree1$-0.05$0$-7.57$270$323.97$0$;Tree3$-3.9$0$-7.19$270$0$0$;Stand2$7.04$0$9.22$270$301.72$0$;Stand4$5.63$0$-8.72$270$62.99$0$;Stand6$1.08$0$10.47$270$278.97$0$;Speaker5$-6.99$0$2.9$270$212.49$0$;Speaker5$-7.02$0$-4.14$270$148.74$0$;Flag1$-1.8$0$-3.9$270$0$0$;Flag2$-11.03$0$-1.53$270$0$0$;Flag1$-4.1$0$-0.38$270$0$0$;Flag1$-2.16$0$3.27$270$0$0$;Flag2$-10.92$0$1.13$270$0$0$;Tree3$-8$0$-7.13$270$0$0$;Tree3$0.3$0$5.4$270$280.98$0$;Tree3$-3.59$0$5.37$270$344.73$0$;Tree3$-8.02$0$5.19$270$8.74$0$;Stand5$-3.96$0$-11.8$270$112.74$0$;Stand7$-3.18$0$10.39$270$86.24$0$;Stand6$11.24$0$-12.13$270$41.49$0$;Stand3$4.03$0$-13.94$270$75.49$0$;Stand1$-10.4$0$7.26$270$45.25$0$;Stand1$-11.6$0$-7.62$270$320.24$0$;Speaker4$2.8$0$3.05$270$336.48$0$;Speaker4$3.53$0$-6.2$270$35.99$0$;@','§;§;§;§;§;§;§;§;§;§;','How many festivals are features in this game?§73§75§78;How many different styles of music do we feature?§12§10§8;How many stars are there in the pop Area§8§6§7;How many cups must you collect before you can recycle?§10§15§20;There\'s a statue of what in the city?§Your character§a Vinyl LP§a Bird;§§§;§§§;§§§;§§§;§§§;','2012-05-24 10:14:24'),(35,'a20957c29fb6f4d84c281743648f7d5c','Groez Rock',1,0,1,0,NULL,NULL,NULL,'2012-04-28','2012-04-30','http://www.groezrock.be','Meerhout',NULL,NULL,NULL,NULL,NULL,NULL,NULL,NULL,10,4,0,'','','','Field@255$0$0;0$231$243;255$240$159;0$021;7$102;6$102;@Tree1$-0.05$0$-7.57$270$323.97$0$;Tree3$-3.9$0$-7.19$270$0$0$;Stand2$7.04$0$9.22$270$301.72$0$;Stand4$5.63$0$-8.72$270$62.99$0$;Stand6$1.08$0$10.47$270$278.97$0$;Speaker5$-6.99$0$2.9$270$212.49$0$;Speaker5$-7.02$0$-4.14$270$148.74$0$;Flag1$-1.8$0$-3.9$270$0$0$;Flag2$-11.03$0$-1.53$270$0$0$;Flag1$-4.1$0$-0.38$270$0$0$;Flag1$-2.16$0$3.27$270$0$0$;Flag2$-10.92$0$1.13$270$0$0$;Tree3$-8$0$-7.13$270$0$0$;Tree3$0.3$0$5.4$270$280.98$0$;Tree3$-3.59$0$5.37$270$344.73$0$;Tree3$-8.02$0$5.19$270$8.74$0$;Stand5$-3.96$0$-11.8$270$112.74$0$;Stand7$-3.18$0$10.39$270$86.24$0$;Stand6$11.24$0$-12.13$270$41.49$0$;Stand3$4.03$0$-13.94$270$75.49$0$;Stand1$-10.4$0$7.26$270$45.25$0$;Stand1$-11.6$0$-7.62$270$320.24$0$;Speaker4$2.8$0$3.05$270$336.48$0$;Speaker4$3.53$0$-6.2$270$35.99$0$;@','§;§;§;§;§;§;§;§;§;§;','How many festivals are features in this game?§73§75§78;How many different styles of music do we feature?§12§10§8;How many stars are there in the pop Area§8§6§7;How many cups must you collect before you can recycle?§10§15§20;There\'s a statue of what in the city?§Your character§a Vinyl LP§a Bird;§§§;§§§;§§§;§§§;§§§;','2012-05-24 10:14:24'),(36,'c16036caa9f672deec42d0322089fefb','Hasselt Ziiingt',1,0,1,0,'An Kempeneers','an@conrad-consulting.be','+32 11 850 410','2012-07-11','2012-07-12','www.hasseltziiingt.be','Hasselt',NULL,NULL,NULL,NULL,NULL,NULL,NULL,NULL,8,1,0,'','','','City@255$0$0;0$231$243;255$240$159;0$021;7$102;6$102;@Tree1$-0.05$0$-7.57$270$323.97$0$;Tree3$-3.9$0$-7.19$270$0$0$;Stand2$7.04$0$9.22$270$301.72$0$;Stand4$5.63$0$-8.72$270$62.99$0$;Stand6$1.08$0$10.47$270$278.97$0$;Speaker5$-6.99$0$2.9$270$212.49$0$;Speaker5$-7.02$0$-4.14$270$148.74$0$;Flag1$-1.8$0$-3.9$270$0$0$;Flag2$-11.03$0$-1.53$270$0$0$;Flag1$-4.1$0$-0.38$270$0$0$;Flag1$-2.16$0$3.27$270$0$0$;Flag2$-10.92$0$1.13$270$0$0$;Tree3$-8$0$-7.13$270$0$0$;Tree3$0.3$0$5.4$270$280.98$0$;Tree3$-3.59$0$5.37$270$344.73$0$;Tree3$-8.02$0$5.19$270$8.74$0$;Stand5$-3.96$0$-11.8$270$112.74$0$;Stand7$-3.18$0$10.39$270$86.24$0$;Stand6$11.24$0$-12.13$270$41.49$0$;Stand3$4.03$0$-13.94$270$75.49$0$;Stand1$-10.4$0$7.26$270$45.25$0$;Stand1$-11.6$0$-7.62$270$320.24$0$;Speaker4$2.8$0$3.05$270$336.48$0$;Speaker4$3.53$0$-6.2$270$35.99$0$;@','§;§;§;§;§;§;§;§;§;§;','How many festivals are features in this game?§73§75§78;How many different styles of music do we feature?§12§10§8;How many stars are there in the pop Area§8§6§7;How many cups must you collect before you can recycle?§10§15§20;There\'s a statue of what in the city?§Your character§a Vinyl LP§a Bird;§§§;§§§;§§§;§§§;§§§;','2012-05-24 10:14:24'),(37,'7f38dd05cb3df640e073958d5444e204','Hestival',1,0,1,0,'Kristof Van haegenberg','kristof.van.haegenberg@zwaneberg.be','0032 15 25 07 70','2012-08-25','2012-08-26','www.hestival.be','Heist-op-den-Berg','hestival_heist','hestival','Hestival',NULL,NULL,NULL,NULL,NULL,8,1,10000,'','','','City@255$0$0;0$231$243;255$240$159;0$021;7$102;6$102;@Tree1$-0.05$0$-7.57$270$323.97$0$;Tree3$-3.9$0$-7.19$270$0$0$;Stand2$7.04$0$9.22$270$301.72$0$;Stand4$5.63$0$-8.72$270$62.99$0$;Stand6$1.08$0$10.47$270$278.97$0$;Speaker5$-6.99$0$2.9$270$212.49$0$;Speaker5$-7.02$0$-4.14$270$148.74$0$;Flag1$-1.8$0$-3.9$270$0$0$;Flag2$-11.03$0$-1.53$270$0$0$;Flag1$-4.1$0$-0.38$270$0$0$;Flag1$-2.16$0$3.27$270$0$0$;Flag2$-10.92$0$1.13$270$0$0$;Tree3$-8$0$-7.13$270$0$0$;Tree3$0.3$0$5.4$270$280.98$0$;Tree3$-3.59$0$5.37$270$344.73$0$;Tree3$-8.02$0$5.19$270$8.74$0$;Stand5$-3.96$0$-11.8$270$112.74$0$;Stand7$-3.18$0$10.39$270$86.24$0$;Stand6$11.24$0$-12.13$270$41.49$0$;Stand3$4.03$0$-13.94$270$75.49$0$;Stand1$-10.4$0$7.26$270$45.25$0$;Stand1$-11.6$0$-7.62$270$320.24$0$;Speaker4$2.8$0$3.05$270$336.48$0$;Speaker4$3.53$0$-6.2$270$35.99$0$;@','§;§;§;§;§;§;§;§;§;§;','How many festivals are features in this game?§73§75§78;How many different styles of music do we feature?§12§10§8;How many stars are there in the pop Area§8§6§7;How many cups must you collect before you can recycle?§10§15§20;There\'s a statue of what in the city?§Your character§a Vinyl LP§a Bird;§§§;§§§;§§§;§§§;§§§;','2012-05-24 10:14:24'),(38,'3dea3dee9239ec6dad0aa6e8f9fbad46','Mano Mundo',1,0,1,0,'Johan Mast','johan.mast@admin.provant.be','32405648','2012-05-12','2012-05-14','www.manomundo.be','Boom','manomundo','manomundo','mundo','http://www.youtube-nocookie.com/embed/Djw3hn1nUaE?version=3&feature=player_embedded&autoplay=1&controls=0&rel=0&showinfo=0','a:3:{s:6:\"source\";s:96:\"http://api.flickr.com/services/feeds/photos_public.gne?id=60392402@N07&lang=en-us&format=rss_200\";s:4:\"type\";s:6:\"public\";s:3:\"url\";s:15:\"id=60392402@N07\";}','a:3:{s:6:\"source\";s:56:\"https://profiles.google.com/100499904495703797717/photos\";s:4:\"type\";s:7:\"default\";s:3:\"url\";s:26:\"user/100499904495703797717\";}','b6a47d7f33ae670492906ade070ba208.png','f3f0b3d6c232a2161a6d3cec3ea4cfce.png',12,6,0,'','','','Indoor@255$0$0;0$231$243;255$240$159;0$021;7$102;6$102;@Flag1$-1.75$0$-3.89$270$0$0$;Flag1$-4.09$0$-0.38$270$0$0$;Flag1$-2.16$0$3.27$270$0$0$;Flag2$-11.02$0$-1.52$270$0$0$;Flag2$-10.92$0$1.13$270$0$0$;Speaker4$2.75$0$3.03$270$336.47$0$;Speaker4$3.5$0$-6.19$270$35.99$0$;Speaker5$-6.98$0$2.87$270$212.49$0$;Speaker5$-7.01$0$-4.13$270$148.72$0$;Stand1$-10.39$0$7.26$270$45.24$0$;Stand1$-11.6$0$-7.61$270$320.22$0$;Stand2$7.03$0$9.21$270$301.64$0$;Stand3$4.03$0$-13.93$270$75.48$0$;Stand4$5.63$0$-8.72$270$62.99$0$;Stand5$-3.96$0$-11.8$270$112.73$0$;Stand6$1.08$0$10.46$270$278.97$0$;Stand6$11.22$0$-12.13$270$41.49$0$;Stand7$-3.18$0$10.39$270$86.23$0$;Tree1$-0.05$0$-7.57$270$323.89$0$;Tree3$-3.9$0$-7.19$270$0$0$;Tree3$-8$0$-7.13$270$0$0$;Tree3$0.3$0$5.37$270$280.98$0$;Tree3$-3.51$0$5.37$270$344.65$0$;Tree3$-8.02$0$5.19$270$8.71$0$;@2','Mory Kanté§;Babylon Circus§;Rudy’s Danspaleis§;Terrakota§;Signmark§;Krema Kawa§;Let’s Go Urban§;Lady Vortex§;Geht’s Noch?§;Mystique§;','Which edition of Mano Mundo will it be this year?§19th§18th§17th;How many bands will there be on the Mano Mundo stage?§12§11§13;Which artist performs in sign language§ Signmark§Mory Kanté§Terrakota;From which country does the artist Bai Kamara Jr originate?§Sierra Leone§Senegal§Brazil;Complete the band name: Krema ... §Kama§Wawa§Flawa;§§§;§§§;§§§;§§§;§§§;','2012-05-11 09:07:14'),(39,'7290341de2c9179024ff5bc27a4df3bd','Muzikale dinsdagen',1,0,1,0,NULL,NULL,NULL,NULL,NULL,'http://www.ri4vos.be/','Ieper',NULL,NULL,NULL,NULL,NULL,NULL,NULL,NULL,10,1,0,'','','','City@255$0$0;0$231$243;255$240$159;0$021;7$102;6$102;@Tree1$-0.05$0$-7.57$270$323.97$0$;Tree3$-3.9$0$-7.19$270$0$0$;Stand2$7.04$0$9.22$270$301.72$0$;Stand4$5.63$0$-8.72$270$62.99$0$;Stand6$1.08$0$10.47$270$278.97$0$;Speaker5$-6.99$0$2.9$270$212.49$0$;Speaker5$-7.02$0$-4.14$270$148.74$0$;Flag1$-1.8$0$-3.9$270$0$0$;Flag2$-11.03$0$-1.53$270$0$0$;Flag1$-4.1$0$-0.38$270$0$0$;Flag1$-2.16$0$3.27$270$0$0$;Flag2$-10.92$0$1.13$270$0$0$;Tree3$-8$0$-7.13$270$0$0$;Tree3$0.3$0$5.4$270$280.98$0$;Tree3$-3.59$0$5.37$270$344.73$0$;Tree3$-8.02$0$5.19$270$8.74$0$;Stand5$-3.96$0$-11.8$270$112.74$0$;Stand7$-3.18$0$10.39$270$86.24$0$;Stand6$11.24$0$-12.13$270$41.49$0$;Stand3$4.03$0$-13.94$270$75.49$0$;Stand1$-10.4$0$7.26$270$45.25$0$;Stand1$-11.6$0$-7.62$270$320.24$0$;Speaker4$2.8$0$3.05$270$336.48$0$;Speaker4$3.53$0$-6.2$270$35.99$0$;@','§;§;§;§;§;§;§;§;§;§;','How many festivals are features in this game?§73§75§78;How many different styles of music do we feature?§12§10§8;How many stars are there in the pop Area§8§6§7;How many cups must you collect before you can recycle?§10§15§20;There\'s a statue of what in the city?§Your character§a Vinyl LP§a Bird;§§§;§§§;§§§;§§§;§§§;','2012-05-24 10:14:24'),(40,'7876a2d01c10bac09f6f36ca9727444f','Na Fir Bolg',1,0,1,0,'Filip Van den Broeck','filip2242@gmail.com','0495 16 01 15','2012-06-29','2012-07-02','http://www.nafirbolg.be','Vorselaar',NULL,NULL,'249741515108073',NULL,NULL,NULL,NULL,NULL,4,4,9000,'','','','Field@255$0$0;0$231$243;255$240$159;0$021;7$102;6$102;@Tree1$-0.05$0$-7.57$270$323.97$0$;Tree3$-3.9$0$-7.19$270$0$0$;Stand2$7.04$0$9.22$270$301.72$0$;Stand4$5.63$0$-8.72$270$62.99$0$;Stand6$1.08$0$10.47$270$278.97$0$;Speaker5$-6.99$0$2.9$270$212.49$0$;Speaker5$-7.02$0$-4.14$270$148.74$0$;Flag1$-1.8$0$-3.9$270$0$0$;Flag2$-11.03$0$-1.53$270$0$0$;Flag1$-4.1$0$-0.38$270$0$0$;Flag1$-2.16$0$3.27$270$0$0$;Flag2$-10.92$0$1.13$270$0$0$;Tree3$-8$0$-7.13$270$0$0$;Tree3$0.3$0$5.4$270$280.98$0$;Tree3$-3.59$0$5.37$270$344.73$0$;Tree3$-8.02$0$5.19$270$8.74$0$;Stand5$-3.96$0$-11.8$270$112.74$0$;Stand7$-3.18$0$10.39$270$86.24$0$;Stand6$11.24$0$-12.13$270$41.49$0$;Stand3$4.03$0$-13.94$270$75.49$0$;Stand1$-10.4$0$7.26$270$45.25$0$;Stand1$-11.6$0$-7.62$270$320.24$0$;Speaker4$2.8$0$3.05$270$336.48$0$;Speaker4$3.53$0$-6.2$270$35.99$0$;@','§;§;§;§;§;§;§;§;§;§;','How many festivals are features in this game?§73§75§78;How many different styles of music do we feature?§12§10§8;How many stars are there in the pop Area§8§6§7;How many cups must you collect before you can recycle?§10§15§20;There\'s a statue of what in the city?§Your character§a Vinyl LP§a Bird;§§§;§§§;§§§;§§§;§§§;','2012-05-24 10:14:24'),(41,'5f83cf2a85bb40a3006820b5e16ec0f1','Nekka Nacht',1,0,1,0,NULL,NULL,NULL,'2012-04-20','2012-04-21','http://www.nekka.be','Antwerpen',NULL,NULL,NULL,NULL,NULL,NULL,NULL,NULL,8,6,0,'','','','Indoor@255$0$0;0$231$243;255$240$159;0$021;7$102;6$102;@Tree1$-0.05$0$-7.57$270$323.97$0$;Tree3$-3.9$0$-7.19$270$0$0$;Stand2$7.04$0$9.22$270$301.72$0$;Stand4$5.63$0$-8.72$270$62.99$0$;Stand6$1.08$0$10.47$270$278.97$0$;Speaker5$-6.99$0$2.9$270$212.49$0$;Speaker5$-7.02$0$-4.14$270$148.74$0$;Flag1$-1.8$0$-3.9$270$0$0$;Flag2$-11.03$0$-1.53$270$0$0$;Flag1$-4.1$0$-0.38$270$0$0$;Flag1$-2.16$0$3.27$270$0$0$;Flag2$-10.92$0$1.13$270$0$0$;Tree3$-8$0$-7.13$270$0$0$;Tree3$0.3$0$5.4$270$280.98$0$;Tree3$-3.59$0$5.37$270$344.73$0$;Tree3$-8.02$0$5.19$270$8.74$0$;Stand5$-3.96$0$-11.8$270$112.74$0$;Stand7$-3.18$0$10.39$270$86.24$0$;Stand6$11.24$0$-12.13$270$41.49$0$;Stand3$4.03$0$-13.94$270$75.49$0$;Stand1$-10.4$0$7.26$270$45.25$0$;Stand1$-11.6$0$-7.62$270$320.24$0$;Speaker4$2.8$0$3.05$270$336.48$0$;Speaker4$3.53$0$-6.2$270$35.99$0$;@','§;§;§;§;§;§;§;§;§;§;','How many festivals are features in this game?§73§75§78;How many different styles of music do we feature?§12§10§8;How many stars are there in the pop Area§8§6§7;How many cups must you collect before you can recycle?§10§15§20;There\'s a statue of what in the city?§Your character§a Vinyl LP§a Bird;§§§;§§§;§§§;§§§;§§§;','2012-05-24 10:14:24'),(42,'42a27edd67f9343b4753a716dd45c32e','Night of the Proms',1,0,1,0,'PSE Belgium nv','info@notp.com','03 400 60 00','2012-11-08','2012-11-13','http://www.notp.com/belgie','Sportpaleis - Antwerpen','nightoftheproms','notp2012','nightoftheproms',NULL,'a:3:{s:6:\"source\";s:96:\"http://api.flickr.com/services/feeds/photos_public.gne?id=14840419@N05&lang=en-us&format=rss_200\";s:4:\"type\";s:6:\"public\";s:3:\"url\";s:15:\"id=14840419@N05\";}',NULL,NULL,NULL,8,6,0,'','','','Indoor@255$0$0;0$231$243;255$240$159;0$021;7$102;6$102;@Tree1$-0.05$0$-7.57$270$323.97$0$;Tree3$-3.9$0$-7.19$270$0$0$;Stand2$7.04$0$9.22$270$301.72$0$;Stand4$5.63$0$-8.72$270$62.99$0$;Stand6$1.08$0$10.47$270$278.97$0$;Speaker5$-6.99$0$2.9$270$212.49$0$;Speaker5$-7.02$0$-4.14$270$148.74$0$;Flag1$-1.8$0$-3.9$270$0$0$;Flag2$-11.03$0$-1.53$270$0$0$;Flag1$-4.1$0$-0.38$270$0$0$;Flag1$-2.16$0$3.27$270$0$0$;Flag2$-10.92$0$1.13$270$0$0$;Tree3$-8$0$-7.13$270$0$0$;Tree3$0.3$0$5.4$270$280.98$0$;Tree3$-3.59$0$5.37$270$344.73$0$;Tree3$-8.02$0$5.19$270$8.74$0$;Stand5$-3.96$0$-11.8$270$112.74$0$;Stand7$-3.18$0$10.39$270$86.24$0$;Stand6$11.24$0$-12.13$270$41.49$0$;Stand3$4.03$0$-13.94$270$75.49$0$;Stand1$-10.4$0$7.26$270$45.25$0$;Stand1$-11.6$0$-7.62$270$320.24$0$;Speaker4$2.8$0$3.05$270$336.48$0$;Speaker4$3.53$0$-6.2$270$35.99$0$;@','§;§;§;§;§;§;§;§;§;§;','How many festivals are features in this game?§73§75§78;How many different styles of music do we feature?§12§10§8;How many stars are there in the pop Area§8§6§7;How many cups must you collect before you can recycle?§10§15§20;There\'s a statue of what in the city?§Your character§a Vinyl LP§a Bird;§§§;§§§;§§§;§§§;§§§;','2012-05-24 10:14:24'),(43,'bbcaf12525556addb03ced01c920c607','Novarock',1,0,1,0,'Francis Benoit','info@novarock.be','','2012-03-17','2012-03-18','www.novarock.be','Kortrijk','Novarock2012','novarock2012','NovarockBE',NULL,NULL,NULL,NULL,NULL,10,6,0,'','','','Indoor@255$0$0;0$231$243;255$240$159;0$021;7$102;6$102;@Tree1$-0.05$0$-7.57$270$323.97$0$;Tree3$-3.9$0$-7.19$270$0$0$;Stand2$7.04$0$9.22$270$301.72$0$;Stand4$5.63$0$-8.72$270$62.99$0$;Stand6$1.08$0$10.47$270$278.97$0$;Speaker5$-6.99$0$2.9$270$212.49$0$;Speaker5$-7.02$0$-4.14$270$148.74$0$;Flag1$-1.8$0$-3.9$270$0$0$;Flag2$-11.03$0$-1.53$270$0$0$;Flag1$-4.1$0$-0.38$270$0$0$;Flag1$-2.16$0$3.27$270$0$0$;Flag2$-10.92$0$1.13$270$0$0$;Tree3$-8$0$-7.13$270$0$0$;Tree3$0.3$0$5.4$270$280.98$0$;Tree3$-3.59$0$5.37$270$344.73$0$;Tree3$-8.02$0$5.19$270$8.74$0$;Stand5$-3.96$0$-11.8$270$112.74$0$;Stand7$-3.18$0$10.39$270$86.24$0$;Stand6$11.24$0$-12.13$270$41.49$0$;Stand3$4.03$0$-13.94$270$75.49$0$;Stand1$-10.4$0$7.26$270$45.25$0$;Stand1$-11.6$0$-7.62$270$320.24$0$;Speaker4$2.8$0$3.05$270$336.48$0$;Speaker4$3.53$0$-6.2$270$35.99$0$;@','§;§;§;§;§;§;§;§;§;§;','How many festivals are features in this game?§73§75§78;How many different styles of music do we feature?§12§10§8;How many stars are there in the pop Area§8§6§7;How many cups must you collect before you can recycle?§10§15§20;There\'s a statue of what in the city?§Your character§a Vinyl LP§a Bird;§§§;§§§;§§§;§§§;§§§;','2012-05-24 10:14:24'),(44,'0d5b0264940881b433670841ff8840dc','Palm Parkies',1,0,1,0,NULL,NULL,NULL,NULL,NULL,'http://www.parkies.net','/',NULL,NULL,NULL,NULL,NULL,NULL,NULL,NULL,8,5,0,'','','Heel de zomer, verschillende plaatsen','Park@255$0$0;0$231$243;255$240$159;0$021;7$102;6$102;@Tree1$-0.05$0$-7.57$270$323.97$0$;Tree3$-3.9$0$-7.19$270$0$0$;Stand2$7.04$0$9.22$270$301.72$0$;Stand4$5.63$0$-8.72$270$62.99$0$;Stand6$1.08$0$10.47$270$278.97$0$;Speaker5$-6.99$0$2.9$270$212.49$0$;Speaker5$-7.02$0$-4.14$270$148.74$0$;Flag1$-1.8$0$-3.9$270$0$0$;Flag2$-11.03$0$-1.53$270$0$0$;Flag1$-4.1$0$-0.38$270$0$0$;Flag1$-2.16$0$3.27$270$0$0$;Flag2$-10.92$0$1.13$270$0$0$;Tree3$-8$0$-7.13$270$0$0$;Tree3$0.3$0$5.4$270$280.98$0$;Tree3$-3.59$0$5.37$270$344.73$0$;Tree3$-8.02$0$5.19$270$8.74$0$;Stand5$-3.96$0$-11.8$270$112.74$0$;Stand7$-3.18$0$10.39$270$86.24$0$;Stand6$11.24$0$-12.13$270$41.49$0$;Stand3$4.03$0$-13.94$270$75.49$0$;Stand1$-10.4$0$7.26$270$45.25$0$;Stand1$-11.6$0$-7.62$270$320.24$0$;Speaker4$2.8$0$3.05$270$336.48$0$;Speaker4$3.53$0$-6.2$270$35.99$0$;@','§;§;§;§;§;§;§;§;§;§;','How many festivals are features in this game?§73§75§78;How many different styles of music do we feature?§12§10§8;How many stars are there in the pop Area§8§6§7;How many cups must you collect before you can recycle?§10§15§20;There\'s a statue of what in the city?§Your character§a Vinyl LP§a Bird;§§§;§§§;§§§;§§§;§§§;','2012-05-24 10:14:24'),(45,'314128bcaffbdce58c681345deeee2ee','Paulusfeesten Oostende',1,0,1,0,NULL,NULL,NULL,'2012-08-09','2012-08-16','http://www.paulusfeesten.be','Oostende',NULL,NULL,NULL,NULL,NULL,NULL,NULL,NULL,4,1,90000,'','','','City@255$0$0;0$231$243;255$240$159;0$021;7$102;6$102;@Tree1$-0.05$0$-7.57$270$323.97$0$;Tree3$-3.9$0$-7.19$270$0$0$;Stand2$7.04$0$9.22$270$301.72$0$;Stand4$5.63$0$-8.72$270$62.99$0$;Stand6$1.08$0$10.47$270$278.97$0$;Speaker5$-6.99$0$2.9$270$212.49$0$;Speaker5$-7.02$0$-4.14$270$148.74$0$;Flag1$-1.8$0$-3.9$270$0$0$;Flag2$-11.03$0$-1.53$270$0$0$;Flag1$-4.1$0$-0.38$270$0$0$;Flag1$-2.16$0$3.27$270$0$0$;Flag2$-10.92$0$1.13$270$0$0$;Tree3$-8$0$-7.13$270$0$0$;Tree3$0.3$0$5.4$270$280.98$0$;Tree3$-3.59$0$5.37$270$344.73$0$;Tree3$-8.02$0$5.19$270$8.74$0$;Stand5$-3.96$0$-11.8$270$112.74$0$;Stand7$-3.18$0$10.39$270$86.24$0$;Stand6$11.24$0$-12.13$270$41.49$0$;Stand3$4.03$0$-13.94$270$75.49$0$;Stand1$-10.4$0$7.26$270$45.25$0$;Stand1$-11.6$0$-7.62$270$320.24$0$;Speaker4$2.8$0$3.05$270$336.48$0$;Speaker4$3.53$0$-6.2$270$35.99$0$;@','§;§;§;§;§;§;§;§;§;§;','How many festivals are features in this game?§73§75§78;How many different styles of music do we feature?§12§10§8;How many stars are there in the pop Area§8§6§7;How many cups must you collect before you can recycle?§10§15§20;There\'s a statue of what in the city?§Your character§a Vinyl LP§a Bird;§§§;§§§;§§§;§§§;§§§;','2012-05-24 10:14:24'),(46,'1a72e5c37eeb5f432319d4ad211c2762','Polé Polé Beach',1,0,1,0,NULL,NULL,NULL,'2012-08-03','2012-08-06','http://www.polepole.be','Zeebrugge',NULL,NULL,NULL,NULL,NULL,NULL,NULL,NULL,12,2,40000,'','','','Beach@255$0$0;0$231$243;255$240$159;0$021;7$102;6$102;@Tree1$-0.05$0$-7.57$270$323.97$0$;Tree3$-3.9$0$-7.19$270$0$0$;Stand2$7.04$0$9.22$270$301.72$0$;Stand4$5.63$0$-8.72$270$62.99$0$;Stand6$1.08$0$10.47$270$278.97$0$;Speaker5$-6.99$0$2.9$270$212.49$0$;Speaker5$-7.02$0$-4.14$270$148.74$0$;Flag1$-1.8$0$-3.9$270$0$0$;Flag2$-11.03$0$-1.53$270$0$0$;Flag1$-4.1$0$-0.38$270$0$0$;Flag1$-2.16$0$3.27$270$0$0$;Flag2$-10.92$0$1.13$270$0$0$;Tree3$-8$0$-7.13$270$0$0$;Tree3$0.3$0$5.4$270$280.98$0$;Tree3$-3.59$0$5.37$270$344.73$0$;Tree3$-8.02$0$5.19$270$8.74$0$;Stand5$-3.96$0$-11.8$270$112.74$0$;Stand7$-3.18$0$10.39$270$86.24$0$;Stand6$11.24$0$-12.13$270$41.49$0$;Stand3$4.03$0$-13.94$270$75.49$0$;Stand1$-10.4$0$7.26$270$45.25$0$;Stand1$-11.6$0$-7.62$270$320.24$0$;Speaker4$2.8$0$3.05$270$336.48$0$;Speaker4$3.53$0$-6.2$270$35.99$0$;@','§;§;§;§;§;§;§;§;§;§;','How many festivals are features in this game?§73§75§78;How many different styles of music do we feature?§12§10§8;How many stars are there in the pop Area§8§6§7;How many cups must you collect before you can recycle?§10§15§20;There\'s a statue of what in the city?§Your character§a Vinyl LP§a Bird;§§§;§§§;§§§;§§§;§§§;','2012-05-24 10:14:24'),(47,'817fd1b1b02d6e8350d4977e245c5424','pOpwijk',1,0,1,0,'Tom Costers','info@popwijk.be','0476/405342','2012-09-01','2012-09-02','http://www.popwijk.be','Opwijk',NULL,NULL,'popwijk',NULL,NULL,NULL,NULL,NULL,8,4,6000,'','','','Field@255$0$0;0$231$243;255$240$159;0$021;7$102;6$102;@Tree1$-0.05$0$-7.57$270$323.97$0$;Tree3$-3.9$0$-7.19$270$0$0$;Stand2$7.04$0$9.22$270$301.72$0$;Stand4$5.63$0$-8.72$270$62.99$0$;Stand6$1.08$0$10.47$270$278.97$0$;Speaker5$-6.99$0$2.9$270$212.49$0$;Speaker5$-7.02$0$-4.14$270$148.74$0$;Flag1$-1.8$0$-3.9$270$0$0$;Flag2$-11.03$0$-1.53$270$0$0$;Flag1$-4.1$0$-0.38$270$0$0$;Flag1$-2.16$0$3.27$270$0$0$;Flag2$-10.92$0$1.13$270$0$0$;Tree3$-8$0$-7.13$270$0$0$;Tree3$0.3$0$5.4$270$280.98$0$;Tree3$-3.59$0$5.37$270$344.73$0$;Tree3$-8.02$0$5.19$270$8.74$0$;Stand5$-3.96$0$-11.8$270$112.74$0$;Stand7$-3.18$0$10.39$270$86.24$0$;Stand6$11.24$0$-12.13$270$41.49$0$;Stand3$4.03$0$-13.94$270$75.49$0$;Stand1$-10.4$0$7.26$270$45.25$0$;Stand1$-11.6$0$-7.62$270$320.24$0$;Speaker4$2.8$0$3.05$270$336.48$0$;Speaker4$3.53$0$-6.2$270$35.99$0$;@','§;§;§;§;§;§;§;§;§;§;','How many festivals are features in this game?§73§75§78;How many different styles of music do we feature?§12§10§8;How many stars are there in the pop Area§8§6§7;How many cups must you collect before you can recycle?§10§15§20;There\'s a statue of what in the city?§Your character§a Vinyl LP§a Bird;§§§;§§§;§§§;§§§;§§§;','2012-05-24 10:14:24'),(48,'245a890bea26860e6e6d28c700b29ed1','Pukema Rock',1,0,1,0,NULL,NULL,NULL,'2012-09-14','2012-09-17','http://www.pukemarock.be/','Puurs',NULL,NULL,NULL,NULL,NULL,NULL,NULL,NULL,10,4,23000,'','','','Field@255$0$0;0$231$243;255$240$159;0$021;7$102;6$102;@Tree1$-0.05$0$-7.57$270$323.97$0$;Tree3$-3.9$0$-7.19$270$0$0$;Stand2$7.04$0$9.22$270$301.72$0$;Stand4$5.63$0$-8.72$270$62.99$0$;Stand6$1.08$0$10.47$270$278.97$0$;Speaker5$-6.99$0$2.9$270$212.49$0$;Speaker5$-7.02$0$-4.14$270$148.74$0$;Flag1$-1.8$0$-3.9$270$0$0$;Flag2$-11.03$0$-1.53$270$0$0$;Flag1$-4.1$0$-0.38$270$0$0$;Flag1$-2.16$0$3.27$270$0$0$;Flag2$-10.92$0$1.13$270$0$0$;Tree3$-8$0$-7.13$270$0$0$;Tree3$0.3$0$5.4$270$280.98$0$;Tree3$-3.59$0$5.37$270$344.73$0$;Tree3$-8.02$0$5.19$270$8.74$0$;Stand5$-3.96$0$-11.8$270$112.74$0$;Stand7$-3.18$0$10.39$270$86.24$0$;Stand6$11.24$0$-12.13$270$41.49$0$;Stand3$4.03$0$-13.94$270$75.49$0$;Stand1$-10.4$0$7.26$270$45.25$0$;Stand1$-11.6$0$-7.62$270$320.24$0$;Speaker4$2.8$0$3.05$270$336.48$0$;Speaker4$3.53$0$-6.2$270$35.99$0$;@','§;§;§;§;§;§;§;§;§;§;','How many festivals are features in this game?§73§75§78;How many different styles of music do we feature?§12§10§8;How many stars are there in the pop Area§8§6§7;How many cups must you collect before you can recycle?§10§15§20;There\'s a statue of what in the city?§Your character§a Vinyl LP§a Bird;§§§;§§§;§§§;§§§;§§§;','2012-05-24 10:14:24'),(49,'4de17ddfef9614c17a98033d1a5061b2','Rock Herk',1,0,1,0,'Maarten Ruelens','maarten@rockherk.be','32498281624','2012-07-13','2012-07-15','http://www.rockherk.be','Herk-de-Stad','rockherk','rockherk','rockherk',NULL,'a:3:{s:6:\"source\";s:96:\"http://api.flickr.com/services/feeds/photos_public.gne?id=38032233@N03&lang=en-us&format=rss_200\";s:4:\"type\";s:6:\"public\";s:3:\"url\";s:15:\"id=38032233@N03\";}',NULL,NULL,NULL,10,5,12000,'','','','Park@255$0$0;0$231$243;255$240$159;0$021;7$102;6$102;@Tree1$-0.05$0$-7.57$270$323.97$0$;Tree3$-3.9$0$-7.19$270$0$0$;Stand2$7.04$0$9.22$270$301.72$0$;Stand4$5.63$0$-8.72$270$62.99$0$;Stand6$1.08$0$10.47$270$278.97$0$;Speaker5$-6.99$0$2.9$270$212.49$0$;Speaker5$-7.02$0$-4.14$270$148.74$0$;Flag1$-1.8$0$-3.9$270$0$0$;Flag2$-11.03$0$-1.53$270$0$0$;Flag1$-4.1$0$-0.38$270$0$0$;Flag1$-2.16$0$3.27$270$0$0$;Flag2$-10.92$0$1.13$270$0$0$;Tree3$-8$0$-7.13$270$0$0$;Tree3$0.3$0$5.4$270$280.98$0$;Tree3$-3.59$0$5.37$270$344.73$0$;Tree3$-8.02$0$5.19$270$8.74$0$;Stand5$-3.96$0$-11.8$270$112.74$0$;Stand7$-3.18$0$10.39$270$86.24$0$;Stand6$11.24$0$-12.13$270$41.49$0$;Stand3$4.03$0$-13.94$270$75.49$0$;Stand1$-10.4$0$7.26$270$45.25$0$;Stand1$-11.6$0$-7.62$270$320.24$0$;Speaker4$2.8$0$3.05$270$336.48$0$;Speaker4$3.53$0$-6.2$270$35.99$0$;@','§;§;§;§;§;§;§;§;§;§;','How many festivals are features in this game?§73§75§78;How many different styles of music do we feature?§12§10§8;How many stars are there in the pop Area§8§6§7;How many cups must you collect before you can recycle?§10§15§20;There\'s a statue of what in the city?§Your character§a Vinyl LP§a Bird;§§§;§§§;§§§;§§§;§§§;','2012-05-24 10:14:24'),(50,'7e5e089f27cc31f0f36bf661e4513eb7','Rock Ternat',1,0,1,0,'Amaury Van de Zande','amaury@rockternat.be','477413817','2012-10-05','2012-10-07','http://www.rockternat.be','Ternat','rockternat',NULL,'rockternat',NULL,NULL,NULL,NULL,NULL,10,4,0,'','','','Field@255$0$0;0$231$243;255$240$159;0$021;7$102;6$102;@Tree1$-0.05$0$-7.57$270$323.97$0$;Tree3$-3.9$0$-7.19$270$0$0$;Stand2$7.04$0$9.22$270$301.72$0$;Stand4$5.63$0$-8.72$270$62.99$0$;Stand6$1.08$0$10.47$270$278.97$0$;Speaker5$-6.99$0$2.9$270$212.49$0$;Speaker5$-7.02$0$-4.14$270$148.74$0$;Flag1$-1.8$0$-3.9$270$0$0$;Flag2$-11.03$0$-1.53$270$0$0$;Flag1$-4.1$0$-0.38$270$0$0$;Flag1$-2.16$0$3.27$270$0$0$;Flag2$-10.92$0$1.13$270$0$0$;Tree3$-8$0$-7.13$270$0$0$;Tree3$0.3$0$5.4$270$280.98$0$;Tree3$-3.59$0$5.37$270$344.73$0$;Tree3$-8.02$0$5.19$270$8.74$0$;Stand5$-3.96$0$-11.8$270$112.74$0$;Stand7$-3.18$0$10.39$270$86.24$0$;Stand6$11.24$0$-12.13$270$41.49$0$;Stand3$4.03$0$-13.94$270$75.49$0$;Stand1$-10.4$0$7.26$270$45.25$0$;Stand1$-11.6$0$-7.62$270$320.24$0$;Speaker4$2.8$0$3.05$270$336.48$0$;Speaker4$3.53$0$-6.2$270$35.99$0$;@','§;§;§;§;§;§;§;§;§;§;','How many festivals are features in this game?§73§75§78;How many different styles of music do we feature?§12§10§8;How many stars are there in the pop Area§8§6§7;How many cups must you collect before you can recycle?§10§15§20;There\'s a statue of what in the city?§Your character§a Vinyl LP§a Bird;§§§;§§§;§§§;§§§;§§§;','2012-05-24 10:14:24'),(51,'62a71b72b3a4a3a945dd4096b3f15a38','Rock Waregem',1,0,1,0,NULL,NULL,NULL,NULL,NULL,'http://www.rockwaregem.be','Waregem',NULL,NULL,NULL,NULL,NULL,NULL,NULL,NULL,8,6,0,'','','Juiste datum is nog niet op site vermeld','Indoor@255$0$0;0$231$243;255$240$159;0$021;7$102;6$102;@Tree1$-0.05$0$-7.57$270$323.97$0$;Tree3$-3.9$0$-7.19$270$0$0$;Stand2$7.04$0$9.22$270$301.72$0$;Stand4$5.63$0$-8.72$270$62.99$0$;Stand6$1.08$0$10.47$270$278.97$0$;Speaker5$-6.99$0$2.9$270$212.49$0$;Speaker5$-7.02$0$-4.14$270$148.74$0$;Flag1$-1.8$0$-3.9$270$0$0$;Flag2$-11.03$0$-1.53$270$0$0$;Flag1$-4.1$0$-0.38$270$0$0$;Flag1$-2.16$0$3.27$270$0$0$;Flag2$-10.92$0$1.13$270$0$0$;Tree3$-8$0$-7.13$270$0$0$;Tree3$0.3$0$5.4$270$280.98$0$;Tree3$-3.59$0$5.37$270$344.73$0$;Tree3$-8.02$0$5.19$270$8.74$0$;Stand5$-3.96$0$-11.8$270$112.74$0$;Stand7$-3.18$0$10.39$270$86.24$0$;Stand6$11.24$0$-12.13$270$41.49$0$;Stand3$4.03$0$-13.94$270$75.49$0$;Stand1$-10.4$0$7.26$270$45.25$0$;Stand1$-11.6$0$-7.62$270$320.24$0$;Speaker4$2.8$0$3.05$270$336.48$0$;Speaker4$3.53$0$-6.2$270$35.99$0$;@','§;§;§;§;§;§;§;§;§;§;','How many festivals are features in this game?§73§75§78;How many different styles of music do we feature?§12§10§8;How many stars are there in the pop Area§8§6§7;How many cups must you collect before you can recycle?§10§15§20;There\'s a statue of what in the city?§Your character§a Vinyl LP§a Bird;§§§;§§§;§§§;§§§;§§§;','2012-05-24 10:14:24'),(52,'4253f5dec38522457218d516862b00a5','Rock Zottegem',1,0,1,0,'Dagmar Beernaert','dagmar.beernaert@vlaamsparlement.be','','2012-07-06','2012-07-08','www.rock-zottegem.be','Zottegem',NULL,NULL,'79367311142',NULL,NULL,NULL,NULL,NULL,8,4,20000,'','','','Field@255$0$0;0$231$243;255$240$159;0$021;7$102;6$102;@Tree1$-0.05$0$-7.57$270$323.97$0$;Tree3$-3.9$0$-7.19$270$0$0$;Stand2$7.04$0$9.22$270$301.72$0$;Stand4$5.63$0$-8.72$270$62.99$0$;Stand6$1.08$0$10.47$270$278.97$0$;Speaker5$-6.99$0$2.9$270$212.49$0$;Speaker5$-7.02$0$-4.14$270$148.74$0$;Flag1$-1.8$0$-3.9$270$0$0$;Flag2$-11.03$0$-1.53$270$0$0$;Flag1$-4.1$0$-0.38$270$0$0$;Flag1$-2.16$0$3.27$270$0$0$;Flag2$-10.92$0$1.13$270$0$0$;Tree3$-8$0$-7.13$270$0$0$;Tree3$0.3$0$5.4$270$280.98$0$;Tree3$-3.59$0$5.37$270$344.73$0$;Tree3$-8.02$0$5.19$270$8.74$0$;Stand5$-3.96$0$-11.8$270$112.74$0$;Stand7$-3.18$0$10.39$270$86.24$0$;Stand6$11.24$0$-12.13$270$41.49$0$;Stand3$4.03$0$-13.94$270$75.49$0$;Stand1$-10.4$0$7.26$270$45.25$0$;Stand1$-11.6$0$-7.62$270$320.24$0$;Speaker4$2.8$0$3.05$270$336.48$0$;Speaker4$3.53$0$-6.2$270$35.99$0$;@','§;§;§;§;§;§;§;§;§;§;','How many festivals are features in this game?§73§75§78;How many different styles of music do we feature?§12§10§8;How many stars are there in the pop Area§8§6§7;How many cups must you collect before you can recycle?§10§15§20;There\'s a statue of what in the city?§Your character§a Vinyl LP§a Bird;§§§;§§§;§§§;§§§;§§§;','2012-05-24 10:14:24'),(53,'7225ab1f11d8fecde427e8409f606280','Soiree Tropicale',1,0,1,0,NULL,NULL,NULL,'2012-07-07','2012-07-08','http://www.soireetropicale.com/','Eppegem',NULL,NULL,NULL,NULL,NULL,NULL,NULL,NULL,12,4,5000,'','','','Field@255$0$0;0$231$243;255$240$159;0$021;7$102;6$102;@Tree1$-0.05$0$-7.57$270$323.97$0$;Tree3$-3.9$0$-7.19$270$0$0$;Stand2$7.04$0$9.22$270$301.72$0$;Stand4$5.63$0$-8.72$270$62.99$0$;Stand6$1.08$0$10.47$270$278.97$0$;Speaker5$-6.99$0$2.9$270$212.49$0$;Speaker5$-7.02$0$-4.14$270$148.74$0$;Flag1$-1.8$0$-3.9$270$0$0$;Flag2$-11.03$0$-1.53$270$0$0$;Flag1$-4.1$0$-0.38$270$0$0$;Flag1$-2.16$0$3.27$270$0$0$;Flag2$-10.92$0$1.13$270$0$0$;Tree3$-8$0$-7.13$270$0$0$;Tree3$0.3$0$5.4$270$280.98$0$;Tree3$-3.59$0$5.37$270$344.73$0$;Tree3$-8.02$0$5.19$270$8.74$0$;Stand5$-3.96$0$-11.8$270$112.74$0$;Stand7$-3.18$0$10.39$270$86.24$0$;Stand6$11.24$0$-12.13$270$41.49$0$;Stand3$4.03$0$-13.94$270$75.49$0$;Stand1$-10.4$0$7.26$270$45.25$0$;Stand1$-11.6$0$-7.62$270$320.24$0$;Speaker4$2.8$0$3.05$270$336.48$0$;Speaker4$3.53$0$-6.2$270$35.99$0$;@','§;§;§;§;§;§;§;§;§;§;','How many festivals are features in this game?§73§75§78;How many different styles of music do we feature?§12§10§8;How many stars are there in the pop Area§8§6§7;How many cups must you collect before you can recycle?§10§15§20;There\'s a statue of what in the city?§Your character§a Vinyl LP§a Bird;§§§;§§§;§§§;§§§;§§§;','2012-05-24 10:14:24'),(54,'17eb9270a90a2ac2eb2f1fe1e29cdb2b','Summerfestival',1,0,1,0,'Ilse Rabau','ilse@summerfestival.be','32474616436','2012-06-30','2012-07-01','http://www.summerfestival.be','Antwerp','summerfstvl','sf12','summerfestival',NULL,NULL,NULL,NULL,NULL,2,1,30000,'','','','City@255$0$0;0$231$243;255$240$159;0$021;7$102;6$102;@Tree1$-0.05$0$-7.57$270$323.97$0$;Tree3$-3.9$0$-7.19$270$0$0$;Stand2$7.04$0$9.22$270$301.72$0$;Stand4$5.63$0$-8.72$270$62.99$0$;Stand6$1.08$0$10.47$270$278.97$0$;Speaker5$-6.99$0$2.9$270$212.49$0$;Speaker5$-7.02$0$-4.14$270$148.74$0$;Flag1$-1.8$0$-3.9$270$0$0$;Flag2$-11.03$0$-1.53$270$0$0$;Flag1$-4.1$0$-0.38$270$0$0$;Flag1$-2.16$0$3.27$270$0$0$;Flag2$-10.92$0$1.13$270$0$0$;Tree3$-8$0$-7.13$270$0$0$;Tree3$0.3$0$5.4$270$280.98$0$;Tree3$-3.59$0$5.37$270$344.73$0$;Tree3$-8.02$0$5.19$270$8.74$0$;Stand5$-3.96$0$-11.8$270$112.74$0$;Stand7$-3.18$0$10.39$270$86.24$0$;Stand6$11.24$0$-12.13$270$41.49$0$;Stand3$4.03$0$-13.94$270$75.49$0$;Stand1$-10.4$0$7.26$270$45.25$0$;Stand1$-11.6$0$-7.62$270$320.24$0$;Speaker4$2.8$0$3.05$270$336.48$0$;Speaker4$3.53$0$-6.2$270$35.99$0$;@','§;§;§;§;§;§;§;§;§;§;','How many festivals are features in this game?§73§75§78;How many different styles of music do we feature?§12§10§8;How many stars are there in the pop Area§8§6§7;How many cups must you collect before you can recycle?§10§15§20;There\'s a statue of what in the city?§Your character§a Vinyl LP§a Bird;§§§;§§§;§§§;§§§;§§§;','2012-05-24 10:14:24'),(55,'8d50a5bb281790c06d8272609e67c0fa','WOOSHA!',1,0,1,0,'Pieter Hens','pieter@visitoostende.be','32489317686','2012-07-14','2012-07-15','http://www.woosha.be','Oostende','woosha_','woosha12','wooshaoostende',NULL,NULL,NULL,NULL,NULL,10,1,0,'','','','City@255$0$0;0$231$243;255$240$159;0$021;7$102;6$102;@Tree1$-0.05$0$-7.57$270$323.97$0$;Tree3$-3.9$0$-7.19$270$0$0$;Stand2$7.04$0$9.22$270$301.72$0$;Stand4$5.63$0$-8.72$270$62.99$0$;Stand6$1.08$0$10.47$270$278.97$0$;Speaker5$-6.99$0$2.9$270$212.49$0$;Speaker5$-7.02$0$-4.14$270$148.74$0$;Flag1$-1.8$0$-3.9$270$0$0$;Flag2$-11.03$0$-1.53$270$0$0$;Flag1$-4.1$0$-0.38$270$0$0$;Flag1$-2.16$0$3.27$270$0$0$;Flag2$-10.92$0$1.13$270$0$0$;Tree3$-8$0$-7.13$270$0$0$;Tree3$0.3$0$5.4$270$280.98$0$;Tree3$-3.59$0$5.37$270$344.73$0$;Tree3$-8.02$0$5.19$270$8.74$0$;Stand5$-3.96$0$-11.8$270$112.74$0$;Stand7$-3.18$0$10.39$270$86.24$0$;Stand6$11.24$0$-12.13$270$41.49$0$;Stand3$4.03$0$-13.94$270$75.49$0$;Stand1$-10.4$0$7.26$270$45.25$0$;Stand1$-11.6$0$-7.62$270$320.24$0$;Speaker4$2.8$0$3.05$270$336.48$0$;Speaker4$3.53$0$-6.2$270$35.99$0$;@','§;§;§;§;§;§;§;§;§;§;','How many festivals are features in this game?§73§75§78;How many different styles of music do we feature?§12§10§8;How many stars are there in the pop Area§8§6§7;How many cups must you collect before you can recycle?§10§15§20;There\'s a statue of what in the city?§Your character§a Vinyl LP§a Bird;§§§;§§§;§§§;§§§;§§§;','2012-05-24 10:14:24'),(56,'45ce25d8bcb874515f72f95886d525a3','10 Days Off',0,1,1,0,NULL,NULL,NULL,'2012-07-15','2012-07-26','http://www.10daysoff.be/','Gent',NULL,NULL,NULL,NULL,NULL,NULL,NULL,NULL,2,6,0,'Dance.  Gent.  Voornamelijk Electro, Drum’n Base, Dubstep.  De Vooruit als locatie.  Grote namen in DJ wereld . Van Lektroluv tot Laserkraft 3D.','Dance. Ghent. Mainly Electro, Drum\'n Base, Dubstep. The forwards\' location. Big names in the DJ world (Lektroluv to Laserkraft 3D)','','Indoor@255$0$0;0$231$243;255$240$159;0$021;7$102;6$102;@Tree1$-0.05$0$-7.57$270$323.97$0$;Tree3$-3.9$0$-7.19$270$0$0$;Stand2$7.04$0$9.22$270$301.72$0$;Stand4$5.63$0$-8.72$270$62.99$0$;Stand6$1.08$0$10.47$270$278.97$0$;Speaker5$-6.99$0$2.9$270$212.49$0$;Speaker5$-7.02$0$-4.14$270$148.74$0$;Flag1$-1.8$0$-3.9$270$0$0$;Flag2$-11.03$0$-1.53$270$0$0$;Flag1$-4.1$0$-0.38$270$0$0$;Flag1$-2.16$0$3.27$270$0$0$;Flag2$-10.92$0$1.13$270$0$0$;Tree3$-8$0$-7.13$270$0$0$;Tree3$0.3$0$5.4$270$280.98$0$;Tree3$-3.59$0$5.37$270$344.73$0$;Tree3$-8.02$0$5.19$270$8.74$0$;Stand5$-3.96$0$-11.8$270$112.74$0$;Stand7$-3.18$0$10.39$270$86.24$0$;Stand6$11.24$0$-12.13$270$41.49$0$;Stand3$4.03$0$-13.94$270$75.49$0$;Stand1$-10.4$0$7.26$270$45.25$0$;Stand1$-11.6$0$-7.62$270$320.24$0$;Speaker4$2.8$0$3.05$270$336.48$0$;Speaker4$3.53$0$-6.2$270$35.99$0$;@','§;§;§;§;§;§;§;§;§;§;','How many festivals are features in this game?§73§75§78;How many different styles of music do we feature?§12§10§8;How many stars are there in the pop Area§8§6§7;How many cups must you collect before you can recycle?§10§15§20;There\'s a statue of what in the city?§Your character§a Vinyl LP§a Bird;§§§;§§§;§§§;§§§;§§§;','2012-05-24 10:14:24'),(57,'940db4e77e9a64ee281b73defa9a8287','Afro-Latino festival',0,1,1,0,'Kristof Henseler','kristof.henseler@afro-latino.be','+32 486 988 926','2012-06-22','2012-06-25','http://www.afro-latino.be','Bree',NULL,'AfroLatinoBree','afrolatinofestival',NULL,NULL,NULL,NULL,NULL,12,4,22000,'Wereldmuziek.  Bree.  Kim Clijsterstown.  CO2-neutraal en uitgeroepen tot groenste event van Vlaanderen in 2010 (Ovam-prijs).','World music. Bree. Kim Clijsterstown. CO2-neutral and voted greenest event of Flanders in 2010 (Ovam price).','','Field@255$0$0;0$231$243;255$240$159;0$021;7$102;6$102;@Tree1$-0.05$0$-7.57$270$323.97$0$;Tree3$-3.9$0$-7.19$270$0$0$;Stand2$7.04$0$9.22$270$301.72$0$;Stand4$5.63$0$-8.72$270$62.99$0$;Stand6$1.08$0$10.47$270$278.97$0$;Speaker5$-6.99$0$2.9$270$212.49$0$;Speaker5$-7.02$0$-4.14$270$148.74$0$;Flag1$-1.8$0$-3.9$270$0$0$;Flag2$-11.03$0$-1.53$270$0$0$;Flag1$-4.1$0$-0.38$270$0$0$;Flag1$-2.16$0$3.27$270$0$0$;Flag2$-10.92$0$1.13$270$0$0$;Tree3$-8$0$-7.13$270$0$0$;Tree3$0.3$0$5.4$270$280.98$0$;Tree3$-3.59$0$5.37$270$344.73$0$;Tree3$-8.02$0$5.19$270$8.74$0$;Stand5$-3.96$0$-11.8$270$112.74$0$;Stand7$-3.18$0$10.39$270$86.24$0$;Stand6$11.24$0$-12.13$270$41.49$0$;Stand3$4.03$0$-13.94$270$75.49$0$;Stand1$-10.4$0$7.26$270$45.25$0$;Stand1$-11.6$0$-7.62$270$320.24$0$;Speaker4$2.8$0$3.05$270$336.48$0$;Speaker4$3.53$0$-6.2$270$35.99$0$;@','§;§;§;§;§;§;§;§;§;§;','How many festivals are features in this game?§73§75§78;How many different styles of music do we feature?§12§10§8;How many stars are there in the pop Area§8§6§7;How many cups must you collect before you can recycle?§10§15§20;There\'s a statue of what in the city?§Your character§a Vinyl LP§a Bird;§§§;§§§;§§§;§§§;§§§;','2012-05-24 10:14:24'),(58,'3362dc4f183eeb1990de4c0a920fb1c9','Antilliaanse feesten',0,1,1,0,'Lode Verschueren','lo@antilliaansefeesten.be','03 3143732','2012-08-10','2012-08-12','http://www.antilliaansefeesten.be','HOOGSTRATEN',NULL,NULL,'112970158735517',NULL,NULL,NULL,NULL,NULL,12,4,40000,'Caribische ritmes.  Hoogstraten.  Het grootste Caribische festival ter wereld.  Hetgene waar het meest gedanst wordt sowieso...  Caribische festivals hebben hun eiegen internationaal publiek.  Half kleurrijk Nederland staat daar op de dansvloer.  30 à 40.000 bezoekers','Caribbean rhythms. Hoogstraten. The largest Caribbean festival in the world. In any event the festival where people dance the most. Caribbean festivals have their own international and multicultural audience. 30 to 40,000 visitors','','Field@255$0$0;0$231$243;255$240$159;0$021;7$102;6$102;@Tree1$-0.05$0$-7.57$270$323.97$0$;Tree3$-3.9$0$-7.19$270$0$0$;Stand2$7.04$0$9.22$270$301.72$0$;Stand4$5.63$0$-8.72$270$62.99$0$;Stand6$1.08$0$10.47$270$278.97$0$;Speaker5$-6.99$0$2.9$270$212.49$0$;Speaker5$-7.02$0$-4.14$270$148.74$0$;Flag1$-1.8$0$-3.9$270$0$0$;Flag2$-11.03$0$-1.53$270$0$0$;Flag1$-4.1$0$-0.38$270$0$0$;Flag1$-2.16$0$3.27$270$0$0$;Flag2$-10.92$0$1.13$270$0$0$;Tree3$-8$0$-7.13$270$0$0$;Tree3$0.3$0$5.4$270$280.98$0$;Tree3$-3.59$0$5.37$270$344.73$0$;Tree3$-8.02$0$5.19$270$8.74$0$;Stand5$-3.96$0$-11.8$270$112.74$0$;Stand7$-3.18$0$10.39$270$86.24$0$;Stand6$11.24$0$-12.13$270$41.49$0$;Stand3$4.03$0$-13.94$270$75.49$0$;Stand1$-10.4$0$7.26$270$45.25$0$;Stand1$-11.6$0$-7.62$270$320.24$0$;Speaker4$2.8$0$3.05$270$336.48$0$;Speaker4$3.53$0$-6.2$270$35.99$0$;@','§;§;§;§;§;§;§;§;§;§;','How many festivals are features in this game?§73§75§78;How many different styles of music do we feature?§12§10§8;How many stars are there in the pop Area§8§6§7;How many cups must you collect before you can recycle?§10§15§20;There\'s a statue of what in the city?§Your character§a Vinyl LP§a Bird;§§§;§§§;§§§;§§§;§§§;','2012-05-24 10:14:24'),(59,'64d88736b1f055ea3c6efcaae4a3f8f5','Boomtown Live',0,1,1,0,NULL,NULL,NULL,'2012-07-17','2012-07-22','http://www.boomtownlive.be','Gent',NULL,NULL,NULL,NULL,NULL,NULL,NULL,NULL,10,1,30000,'Pop. Gent.  Vijf podia en 50 acts.  Veeleer jong aanstormend talent, Belgisch getint.','Pop. Ghent. Five stages and 50 acts. Rather, young talent, Belgian tinted. Groups from Klaartje Bonaire’s Rock\'oco line-up tend to dominate the line-up.','','City@255$0$0;0$231$243;255$240$159;0$021;7$102;6$102;@Tree1$-0.05$0$-7.57$270$323.97$0$;Tree3$-3.9$0$-7.19$270$0$0$;Stand2$7.04$0$9.22$270$301.72$0$;Stand4$5.63$0$-8.72$270$62.99$0$;Stand6$1.08$0$10.47$270$278.97$0$;Speaker5$-6.99$0$2.9$270$212.49$0$;Speaker5$-7.02$0$-4.14$270$148.74$0$;Flag1$-1.8$0$-3.9$270$0$0$;Flag2$-11.03$0$-1.53$270$0$0$;Flag1$-4.1$0$-0.38$270$0$0$;Flag1$-2.16$0$3.27$270$0$0$;Flag2$-10.92$0$1.13$270$0$0$;Tree3$-8$0$-7.13$270$0$0$;Tree3$0.3$0$5.4$270$280.98$0$;Tree3$-3.59$0$5.37$270$344.73$0$;Tree3$-8.02$0$5.19$270$8.74$0$;Stand5$-3.96$0$-11.8$270$112.74$0$;Stand7$-3.18$0$10.39$270$86.24$0$;Stand6$11.24$0$-12.13$270$41.49$0$;Stand3$4.03$0$-13.94$270$75.49$0$;Stand1$-10.4$0$7.26$270$45.25$0$;Stand1$-11.6$0$-7.62$270$320.24$0$;Speaker4$2.8$0$3.05$270$336.48$0$;Speaker4$3.53$0$-6.2$270$35.99$0$;@','§;§;§;§;§;§;§;§;§;§;','How many festivals are features in this game?§73§75§78;How many different styles of music do we feature?§12§10§8;How many stars are there in the pop Area§8§6§7;How many cups must you collect before you can recycle?§10§15§20;There\'s a statue of what in the city?§Your character§a Vinyl LP§a Bird;§§§;§§§;§§§;§§§;§§§;','2012-05-24 10:14:24'),(60,'de06d816c3beddd8749a80ec6ab7b1db','Festival Couleur Café',0,1,1,0,'Marijke Dubois','m.dubois@couleurcafe.org','02 672 49 12','2012-06-29','2012-07-02','http://www.couleurcafe.be','Brussels',NULL,'Couleurcafe','38614443445',NULL,NULL,NULL,NULL,NULL,12,1,75000,'Urban music.  Brussel.  Wereldmuziek maar met een zwaar stedelijk accent: van Sergent Garcia en Cheb Khaled tot Snoop Dogg.   Oprichter was ooit de bedenker van het Cirque du soleil-concept.  Unieke locatie op Turm & Taxis in Brussel.  Uniek is de ‘Rue Bien Manger’ – de meest neusprikkelende reeks eetstands in België.  Grote aandacht voor inkleding terrein en details. Visueel sterk.   Zaterdag altijd vuurwerk.  Ook altijd aandacht voor beeldende kunstenprojecten en sociaal-artistieke projecten.   60.000 toeschouwers.','Urban music. Brussels. World music but with a heavy urban focus: Sergent Garcia and Cheb Khaled to Snoop Dog. Founder is the creator of the Cirque du Soleil concept. Unique location on Tower & Taxis in Brussels. Unique is the rue bien manger - the most exciting series of street food stalls in Belgium. Great attention to detail and decoration. Visually strong. Saturdays always fireworks. Always focus on visual arts projects and socio-artistic projects. 60,000 spectators.','','City@255$0$0;0$231$243;255$240$159;0$021;7$102;6$102;@Tree1$-0.05$0$-7.57$270$323.97$0$;Tree3$-3.9$0$-7.19$270$0$0$;Stand2$7.04$0$9.22$270$301.72$0$;Stand4$5.63$0$-8.72$270$62.99$0$;Stand6$1.08$0$10.47$270$278.97$0$;Speaker5$-6.99$0$2.9$270$212.49$0$;Speaker5$-7.02$0$-4.14$270$148.74$0$;Flag1$-1.8$0$-3.9$270$0$0$;Flag2$-11.03$0$-1.53$270$0$0$;Flag1$-4.1$0$-0.38$270$0$0$;Flag1$-2.16$0$3.27$270$0$0$;Flag2$-10.92$0$1.13$270$0$0$;Tree3$-8$0$-7.13$270$0$0$;Tree3$0.3$0$5.4$270$280.98$0$;Tree3$-3.59$0$5.37$270$344.73$0$;Tree3$-8.02$0$5.19$270$8.74$0$;Stand5$-3.96$0$-11.8$270$112.74$0$;Stand7$-3.18$0$10.39$270$86.24$0$;Stand6$11.24$0$-12.13$270$41.49$0$;Stand3$4.03$0$-13.94$270$75.49$0$;Stand1$-10.4$0$7.26$270$45.25$0$;Stand1$-11.6$0$-7.62$270$320.24$0$;Speaker4$2.8$0$3.05$270$336.48$0$;Speaker4$3.53$0$-6.2$270$35.99$0$;@','§;§;§;§;§;§;§;§;§;§;','How many festivals are features in this game?§73§75§78;How many different styles of music do we feature?§12§10§8;How many stars are there in the pop Area§8§6§7;How many cups must you collect before you can recycle?§10§15§20;There\'s a statue of what in the city?§Your character§a Vinyl LP§a Bird;§§§;§§§;§§§;§§§;§§§;','2012-05-24 10:14:24'),(61,'b07ccb9183a42837fcd8781e9b1e9460','Ieperfest',0,1,1,0,NULL,NULL,NULL,'2012-08-10','2012-08-13','http://www.ieperfest.com/','Ieper',NULL,NULL,NULL,NULL,NULL,NULL,NULL,NULL,7,4,10000,'Hardcorefestival.  Ieper.  Nooit van gehoord?  In de wijde wereld wel. Klein maar internationaal festival maar heel erg niche (hardcore – ‘heavy metal is voor softies’).  Zeg trouwens nooit death metal tegen grindcore ! Het bijzondere is dat dit festival georganiseerd wordt door veganisten die dat rigoureus doortrekken in catering van publiek en artiesten en verder geen enkele toegeving doen op het vlak van duurzaamheid.  Geniet van je mueslibar en je ‘vegan Bratwurst’!   10.000 toeschouwers.','Hardcore Festival. Ieper.  Small but international festival but very niche (hardcore - \"\"heavy metal is for softies”).  The interesting bit is that this festival is organized by vegans who implement this rigorously. No exceptions are made to artists and audiences. Enjoy your mueslibar and your \'vegan bratwurst\'! 10,000 spectators.','','Field@255$0$0;0$231$243;255$240$159;0$021;7$102;6$102;@Tree1$-0.05$0$-7.57$270$323.97$0$;Tree3$-3.9$0$-7.19$270$0$0$;Stand2$7.04$0$9.22$270$301.72$0$;Stand4$5.63$0$-8.72$270$62.99$0$;Stand6$1.08$0$10.47$270$278.97$0$;Speaker5$-6.99$0$2.9$270$212.49$0$;Speaker5$-7.02$0$-4.14$270$148.74$0$;Flag1$-1.8$0$-3.9$270$0$0$;Flag2$-11.03$0$-1.53$270$0$0$;Flag1$-4.1$0$-0.38$270$0$0$;Flag1$-2.16$0$3.27$270$0$0$;Flag2$-10.92$0$1.13$270$0$0$;Tree3$-8$0$-7.13$270$0$0$;Tree3$0.3$0$5.4$270$280.98$0$;Tree3$-3.59$0$5.37$270$344.73$0$;Tree3$-8.02$0$5.19$270$8.74$0$;Stand5$-3.96$0$-11.8$270$112.74$0$;Stand7$-3.18$0$10.39$270$86.24$0$;Stand6$11.24$0$-12.13$270$41.49$0$;Stand3$4.03$0$-13.94$270$75.49$0$;Stand1$-10.4$0$7.26$270$45.25$0$;Stand1$-11.6$0$-7.62$270$320.24$0$;Speaker4$2.8$0$3.05$270$336.48$0$;Speaker4$3.53$0$-6.2$270$35.99$0$;@','§;§;§;§;§;§;§;§;§;§;','How many festivals are features in this game?§73§75§78;How many different styles of music do we feature?§12§10§8;How many stars are there in the pop Area§8§6§7;How many cups must you collect before you can recycle?§10§15§20;There\'s a statue of what in the city?§Your character§a Vinyl LP§a Bird;§§§;§§§;§§§;§§§;§§§;','2012-05-24 10:14:24'),(62,'7c0e7102396b0dce0cdee070afadcc8d','Jazz Middelheim',0,1,1,0,NULL,NULL,NULL,'2012-08-16','2012-08-20','http://www.jazzmiddelheim.be','Antwerpen',NULL,NULL,NULL,NULL,NULL,NULL,NULL,NULL,5,5,20000,'Jazzfestival.  Antwerpen.  Programmatie voor puristen.  Veel aandacht voor gastronomie.  De betere VIP.  Unieke locatie in park Den Brandt in Antwerpen, vlak bij Middelheimpark (deze zomer o.a. Ai Wei Wei, Thomas Schütte)... Bekend in States.  Stokoude Toots Tielemans treedt er nog elk jaar op als soort ‘patroonheilige’ – bedoeling is dat hij op het podium zijn laatste adem uitblaast.... 20.000 bezoekers','Jazz Festival. Antwerp. Programming for the purists. A lot of attention given to fine food.  Unique location in Park Den Brandt in Antwerp, near Middelheim Park (this summer include Ai Wei Wei, Thomas Schütte) ...Known in the States. Old timer Toots Tielemans still performs every year as some kind of “patron saint”. Will he die on stage one day? 20,000 visitors','','Park@255$0$0;0$231$243;255$240$159;0$021;7$102;6$102;@Tree1$-0.05$0$-7.57$270$323.97$0$;Tree3$-3.9$0$-7.19$270$0$0$;Stand2$7.04$0$9.22$270$301.72$0$;Stand4$5.63$0$-8.72$270$62.99$0$;Stand6$1.08$0$10.47$270$278.97$0$;Speaker5$-6.99$0$2.9$270$212.49$0$;Speaker5$-7.02$0$-4.14$270$148.74$0$;Flag1$-1.8$0$-3.9$270$0$0$;Flag2$-11.03$0$-1.53$270$0$0$;Flag1$-4.1$0$-0.38$270$0$0$;Flag1$-2.16$0$3.27$270$0$0$;Flag2$-10.92$0$1.13$270$0$0$;Tree3$-8$0$-7.13$270$0$0$;Tree3$0.3$0$5.4$270$280.98$0$;Tree3$-3.59$0$5.37$270$344.73$0$;Tree3$-8.02$0$5.19$270$8.74$0$;Stand5$-3.96$0$-11.8$270$112.74$0$;Stand7$-3.18$0$10.39$270$86.24$0$;Stand6$11.24$0$-12.13$270$41.49$0$;Stand3$4.03$0$-13.94$270$75.49$0$;Stand1$-10.4$0$7.26$270$45.25$0$;Stand1$-11.6$0$-7.62$270$320.24$0$;Speaker4$2.8$0$3.05$270$336.48$0$;Speaker4$3.53$0$-6.2$270$35.99$0$;@','§;§;§;§;§;§;§;§;§;§;','How many festivals are features in this game?§73§75§78;How many different styles of music do we feature?§12§10§8;How many stars are there in the pop Area§8§6§7;How many cups must you collect before you can recycle?§10§15§20;There\'s a statue of what in the city?§Your character§a Vinyl LP§a Bird;§§§;§§§;§§§;§§§;§§§;','2012-05-24 10:14:24'),(63,'433ba1527de357f3d73e3accefc922a3','Laus Polyphoniae 2012 | MARE ADRIATICO',0,1,1,0,'AMUZ [Festival van Vlaanderen-Antwerpen]','tickets@amuz.be','+32 (0)3 292 36 80','2012-08-24','2012-09-03','www.amuz.be','Antwerpen','AMUZantwerpen','amuz','188044988782',NULL,NULL,NULL,NULL,NULL,6,6,0,'Oude muziek.  Antwerpen.  Locatie is de tot concertzaal omgetoverde en ontwijde kerk St. Augustinus.  Dit jaar focus op de oude muziek van de Adriatische kust (Kroatië, Slovenië, Albanië etc...)','Music from the dark ages (literally). Antwerp. Location is the deconsecrated church of St. Augustine turned into a concert hall. This year focus on the early music of the Adriatic coast (Croatia, Slovenia, Albania etc. ..)','','Indoor@255$0$0;0$231$243;255$240$159;0$021;7$102;6$102;@Tree1$-0.05$0$-7.57$270$323.97$0$;Tree3$-3.9$0$-7.19$270$0$0$;Stand2$7.04$0$9.22$270$301.72$0$;Stand4$5.63$0$-8.72$270$62.99$0$;Stand6$1.08$0$10.47$270$278.97$0$;Speaker5$-6.99$0$2.9$270$212.49$0$;Speaker5$-7.02$0$-4.14$270$148.74$0$;Flag1$-1.8$0$-3.9$270$0$0$;Flag2$-11.03$0$-1.53$270$0$0$;Flag1$-4.1$0$-0.38$270$0$0$;Flag1$-2.16$0$3.27$270$0$0$;Flag2$-10.92$0$1.13$270$0$0$;Tree3$-8$0$-7.13$270$0$0$;Tree3$0.3$0$5.4$270$280.98$0$;Tree3$-3.59$0$5.37$270$344.73$0$;Tree3$-8.02$0$5.19$270$8.74$0$;Stand5$-3.96$0$-11.8$270$112.74$0$;Stand7$-3.18$0$10.39$270$86.24$0$;Stand6$11.24$0$-12.13$270$41.49$0$;Stand3$4.03$0$-13.94$270$75.49$0$;Stand1$-10.4$0$7.26$270$45.25$0$;Stand1$-11.6$0$-7.62$270$320.24$0$;Speaker4$2.8$0$3.05$270$336.48$0$;Speaker4$3.53$0$-6.2$270$35.99$0$;@','§;§;§;§;§;§;§;§;§;§;','How many festivals are features in this game?§73§75§78;How many different styles of music do we feature?§12§10§8;How many stars are there in the pop Area§8§6§7;How many cups must you collect before you can recycle?§10§15§20;There\'s a statue of what in the city?§Your character§a Vinyl LP§a Bird;§§§;§§§;§§§;§§§;§§§;','2012-05-24 10:14:24'),(64,'b17904ee586e2120d28fb95cbd7a1e75','Marktrock',0,1,1,0,NULL,NULL,NULL,'2012-08-10','2012-08-13','http://www.live-entertainment.be/nl/nieuws/2010/06/08/marktrock-2010-bekendmaking-affiche/','Leuven',NULL,NULL,NULL,NULL,NULL,NULL,NULL,NULL,8,1,100000,'Popmuziek.  Leuven.  Stadsfestival.  De USP is 100% Belgisch en 100% gratis. Interessant om aan te tonen dat Belgen ook popmuziek maken.  De Oude markt, de langste toog ter wereld dixit de Leuvenaren.  100.000 bezoekers.','Pop music. Leuven. City Festival. The USP is that the acts are 100% Belgian and the festival is 100% free. Interesting to show that Belgians also make pop music. Make sure that your influencer doesn\'t get trampled in Oude Markt, the longest bar in the world, as the people of Leuven tend to call it. 100,000 visitors.','','City@255$0$0;0$231$243;255$240$159;0$021;7$102;6$102;@Tree1$-0.05$0$-7.57$270$323.97$0$;Tree3$-3.9$0$-7.19$270$0$0$;Stand2$7.04$0$9.22$270$301.72$0$;Stand4$5.63$0$-8.72$270$62.99$0$;Stand6$1.08$0$10.47$270$278.97$0$;Speaker5$-6.99$0$2.9$270$212.49$0$;Speaker5$-7.02$0$-4.14$270$148.74$0$;Flag1$-1.8$0$-3.9$270$0$0$;Flag2$-11.03$0$-1.53$270$0$0$;Flag1$-4.1$0$-0.38$270$0$0$;Flag1$-2.16$0$3.27$270$0$0$;Flag2$-10.92$0$1.13$270$0$0$;Tree3$-8$0$-7.13$270$0$0$;Tree3$0.3$0$5.4$270$280.98$0$;Tree3$-3.59$0$5.37$270$344.73$0$;Tree3$-8.02$0$5.19$270$8.74$0$;Stand5$-3.96$0$-11.8$270$112.74$0$;Stand7$-3.18$0$10.39$270$86.24$0$;Stand6$11.24$0$-12.13$270$41.49$0$;Stand3$4.03$0$-13.94$270$75.49$0$;Stand1$-10.4$0$7.26$270$45.25$0$;Stand1$-11.6$0$-7.62$270$320.24$0$;Speaker4$2.8$0$3.05$270$336.48$0$;Speaker4$3.53$0$-6.2$270$35.99$0$;@','§;§;§;§;§;§;§;§;§;§;','How many festivals are features in this game?§73§75§78;How many different styles of music do we feature?§12§10§8;How many stars are there in the pop Area§8§6§7;How many cups must you collect before you can recycle?§10§15§20;There\'s a statue of what in the city?§Your character§a Vinyl LP§a Bird;§§§;§§§;§§§;§§§;§§§;','2012-05-24 10:14:24'),(65,'a0b8d185e2b360c2ac3babda2a3b78c9','MiramirO - Internationaal Straattheaterfestival',0,1,1,0,NULL,NULL,NULL,'2012-07-19','2012-07-23','http://www.miramiro.be/','Gent',NULL,NULL,NULL,NULL,NULL,NULL,NULL,NULL,11,1,0,'Gent.  Stad.   Straat- en circuskunsten, theater op locatie, installaties, beeldende kunst, dans... Van intimistische sfeerstukken tot grootschalige massa-evenementen.','Ghent. Downtown. Street and circus arts, theater location, facilities, visual arts, dance ... From intimate atmosphere pieces to large scale mass events.','','City@255$0$0;0$231$243;255$240$159;0$021;7$102;6$102;@Tree1$-0.05$0$-7.57$270$323.97$0$;Tree3$-3.9$0$-7.19$270$0$0$;Stand2$7.04$0$9.22$270$301.72$0$;Stand4$5.63$0$-8.72$270$62.99$0$;Stand6$1.08$0$10.47$270$278.97$0$;Speaker5$-6.99$0$2.9$270$212.49$0$;Speaker5$-7.02$0$-4.14$270$148.74$0$;Flag1$-1.8$0$-3.9$270$0$0$;Flag2$-11.03$0$-1.53$270$0$0$;Flag1$-4.1$0$-0.38$270$0$0$;Flag1$-2.16$0$3.27$270$0$0$;Flag2$-10.92$0$1.13$270$0$0$;Tree3$-8$0$-7.13$270$0$0$;Tree3$0.3$0$5.4$270$280.98$0$;Tree3$-3.59$0$5.37$270$344.73$0$;Tree3$-8.02$0$5.19$270$8.74$0$;Stand5$-3.96$0$-11.8$270$112.74$0$;Stand7$-3.18$0$10.39$270$86.24$0$;Stand6$11.24$0$-12.13$270$41.49$0$;Stand3$4.03$0$-13.94$270$75.49$0$;Stand1$-10.4$0$7.26$270$45.25$0$;Stand1$-11.6$0$-7.62$270$320.24$0$;Speaker4$2.8$0$3.05$270$336.48$0$;Speaker4$3.53$0$-6.2$270$35.99$0$;@','§;§;§;§;§;§;§;§;§;§;','How many festivals are features in this game?§73§75§78;How many different styles of music do we feature?§12§10§8;How many stars are there in the pop Area§8§6§7;How many cups must you collect before you can recycle?§10§15§20;There\'s a statue of what in the city?§Your character§a Vinyl LP§a Bird;§§§;§§§;§§§;§§§;§§§;','2012-05-24 10:14:24'),(66,'bbacd924b7d28c303eb9ca7e7f2bb0eb','MAfestival Brugge',0,1,1,0,'Jelle De Ketelbutter','jelle@mafestival.be','050 33 2 83','2012-08-03','2012-08-08','http://www.mafestival.be/','Bruges','MAfestivalBrugg',NULL,'100002099198811',NULL,'a:3:{s:6:\"source\";s:96:\"http://api.flickr.com/services/feeds/photos_public.gne?id=41537744@N03&lang=en-us&format=rss_200\";s:4:\"type\";s:6:\"public\";s:3:\"url\";s:15:\"id=41537744@N03\";}',NULL,NULL,NULL,6,6,0,'Oude Muziek.  Brugge & Lissewege.  Brugge in het nu 10 jaar oude Concertgebouw te Brugge.  Volgens Jordi Saval de beste concertzaal qua akoestiek en architectuur van Europa.  Lissewege, boogscheut van de kust en sowieso mooiste dorp van Vlaanderen.  Vorig jaar intense samenwerking met festival van Utrecht.','Classical Music. Bruges & Lissewege. Takes place in the 10 year old Concertgebouw in Bruges. According to Jordi Saval the best concert hall in terms of acoustics and architecture of Europe. Lissewege is a stone’s throw from the coast and the most beautiful village of Flanders. Last year’s festival had an intense collaboration with Utrecht. Program will be announced on 10 March.','','Indoor@255$0$0;0$231$243;255$240$159;0$021;7$102;6$102;@Tree1$-0.05$0$-7.57$270$323.97$0$;Tree3$-3.9$0$-7.19$270$0$0$;Stand2$7.04$0$9.22$270$301.72$0$;Stand4$5.63$0$-8.72$270$62.99$0$;Stand6$1.08$0$10.47$270$278.97$0$;Speaker5$-6.99$0$2.9$270$212.49$0$;Speaker5$-7.02$0$-4.14$270$148.74$0$;Flag1$-1.8$0$-3.9$270$0$0$;Flag2$-11.03$0$-1.53$270$0$0$;Flag1$-4.1$0$-0.38$270$0$0$;Flag1$-2.16$0$3.27$270$0$0$;Flag2$-10.92$0$1.13$270$0$0$;Tree3$-8$0$-7.13$270$0$0$;Tree3$0.3$0$5.4$270$280.98$0$;Tree3$-3.59$0$5.37$270$344.73$0$;Tree3$-8.02$0$5.19$270$8.74$0$;Stand5$-3.96$0$-11.8$270$112.74$0$;Stand7$-3.18$0$10.39$270$86.24$0$;Stand6$11.24$0$-12.13$270$41.49$0$;Stand3$4.03$0$-13.94$270$75.49$0$;Stand1$-10.4$0$7.26$270$45.25$0$;Stand1$-11.6$0$-7.62$270$320.24$0$;Speaker4$2.8$0$3.05$270$336.48$0$;Speaker4$3.53$0$-6.2$270$35.99$0$;@','§;§;§;§;§;§;§;§;§;§;','How many festivals are features in this game?§73§75§78;How many different styles of music do we feature?§12§10§8;How many stars are there in the pop Area§8§6§7;How many cups must you collect before you can recycle?§10§15§20;There\'s a statue of what in the city?§Your character§a Vinyl LP§a Bird;§§§;§§§;§§§;§§§;§§§;','2012-05-24 10:14:24'),(67,'cce99d2d6eeac77ed53c1d461c52d848','Odegand',0,1,1,0,NULL,NULL,NULL,'2012-09-17','2012-09-18','http://www.odegand.be/','Gent',NULL,NULL,NULL,NULL,NULL,NULL,NULL,NULL,6,1,0,'Cultuurfestival.  Stad Gent.  Verrassende locaties.  Mooie manier om Gent van een andere kant te bekijken.  Met OdeGand knalt Gent jaarlijks het culturele seizoen op gang. Overdag krijg je zowel internationaal als nationaal muziektalent voorgeschoteld. ’s Avonds geniet je van het concert op het drijvende podium aan de Gras- en de Korenlei, en vuurwerk! Viert dit jaar zijn 10de verjaardag als opening van het FvV Gent.','Cultural Festival. City of Ghent.   Surprising locations. Nice way to see Ghent in a different light. With OdeGand the Ghent annual cultural season starts with a bang. During the day both international and national musical talent is featured. In the evening you can enjoy the concert on the floating stage on the Grass and Korenlei, with fireworks! Celebrating its 10 th anniversary as opening of the FVV Ghent.','','City@255$0$0;0$231$243;255$240$159;0$021;7$102;6$102;@Tree1$-0.05$0$-7.57$270$323.97$0$;Tree3$-3.9$0$-7.19$270$0$0$;Stand2$7.04$0$9.22$270$301.72$0$;Stand4$5.63$0$-8.72$270$62.99$0$;Stand6$1.08$0$10.47$270$278.97$0$;Speaker5$-6.99$0$2.9$270$212.49$0$;Speaker5$-7.02$0$-4.14$270$148.74$0$;Flag1$-1.8$0$-3.9$270$0$0$;Flag2$-11.03$0$-1.53$270$0$0$;Flag1$-4.1$0$-0.38$270$0$0$;Flag1$-2.16$0$3.27$270$0$0$;Flag2$-10.92$0$1.13$270$0$0$;Tree3$-8$0$-7.13$270$0$0$;Tree3$0.3$0$5.4$270$280.98$0$;Tree3$-3.59$0$5.37$270$344.73$0$;Tree3$-8.02$0$5.19$270$8.74$0$;Stand5$-3.96$0$-11.8$270$112.74$0$;Stand7$-3.18$0$10.39$270$86.24$0$;Stand6$11.24$0$-12.13$270$41.49$0$;Stand3$4.03$0$-13.94$270$75.49$0$;Stand1$-10.4$0$7.26$270$45.25$0$;Stand1$-11.6$0$-7.62$270$320.24$0$;Speaker4$2.8$0$3.05$270$336.48$0$;Speaker4$3.53$0$-6.2$270$35.99$0$;@','§;§;§;§;§;§;§;§;§;§;','How many festivals are features in this game?§73§75§78;How many different styles of music do we feature?§12§10§8;How many stars are there in the pop Area§8§6§7;How many cups must you collect before you can recycle?§10§15§20;There\'s a statue of what in the city?§Your character§a Vinyl LP§a Bird;§§§;§§§;§§§;§§§;§§§;','2012-05-24 10:14:24'),(68,'9dc5f775fe9c8b4fe2a89c1b6f378395','Rimpelrock',0,1,1,0,NULL,NULL,NULL,'2012-08-11','2012-08-12','http://www.rimpelrock.be/','Kiewit',NULL,NULL,NULL,NULL,NULL,NULL,NULL,NULL,8,4,30000,'Popfestival.  Hasselt.  Op de weide van Pukkelpop staan de week daarvoor de stoelen klaar om 30.000 mensen met wat strammere gewrichten in open lucht te ontvangen.  Helmut Loti, Clouseau, Engelbert Humperdinck, Natalia: ze hebben er allemaal al opgetreden.  Soms zitten ze onder een dekentje maar vaak gaan ze gewoon uit de bol.  Dit is ongetwijfeld het festival met het grootste rolstoelpodium ter wereld.','Pop festival. Hasselt.  On the meadow of Pukkelpop, one week prior, targeting for the elderly. Helmut Loti, Clouseau, Engelbert Humperdinck, Natalia: they all have already played there. Sometimes they sit under a blanket but often they will just be thrilled. This is undoubtedly the biggest festival of the wheelchair platform in the world. 30,000 visitors.','','Field@255$0$0;0$231$243;255$240$159;0$021;7$102;6$102;@Tree1$-0.05$0$-7.57$270$323.97$0$;Tree3$-3.9$0$-7.19$270$0$0$;Stand2$7.04$0$9.22$270$301.72$0$;Stand4$5.63$0$-8.72$270$62.99$0$;Stand6$1.08$0$10.47$270$278.97$0$;Speaker5$-6.99$0$2.9$270$212.49$0$;Speaker5$-7.02$0$-4.14$270$148.74$0$;Flag1$-1.8$0$-3.9$270$0$0$;Flag2$-11.03$0$-1.53$270$0$0$;Flag1$-4.1$0$-0.38$270$0$0$;Flag1$-2.16$0$3.27$270$0$0$;Flag2$-10.92$0$1.13$270$0$0$;Tree3$-8$0$-7.13$270$0$0$;Tree3$0.3$0$5.4$270$280.98$0$;Tree3$-3.59$0$5.37$270$344.73$0$;Tree3$-8.02$0$5.19$270$8.74$0$;Stand5$-3.96$0$-11.8$270$112.74$0$;Stand7$-3.18$0$10.39$270$86.24$0$;Stand6$11.24$0$-12.13$270$41.49$0$;Stand3$4.03$0$-13.94$270$75.49$0$;Stand1$-10.4$0$7.26$270$45.25$0$;Stand1$-11.6$0$-7.62$270$320.24$0$;Speaker4$2.8$0$3.05$270$336.48$0$;Speaker4$3.53$0$-6.2$270$35.99$0$;@','§;§;§;§;§;§;§;§;§;§;','How many festivals are features in this game?§73§75§78;How many different styles of music do we feature?§12§10§8;How many stars are there in the pop Area§8§6§7;How many cups must you collect before you can recycle?§10§15§20;There\'s a statue of what in the city?§Your character§a Vinyl LP§a Bird;§§§;§§§;§§§;§§§;§§§;','2012-05-24 10:14:24'),(69,'7f0c83700932e639f0d5cb87d6a5596f','Rock voor Specials',0,1,1,0,NULL,NULL,NULL,'2012-06-26','2012-06-28','http://www.rockvoorspecials.be','Evergem',NULL,NULL,NULL,NULL,NULL,NULL,NULL,NULL,8,4,5000,'Rock & pop.  Evergem bij Gent.  Hier treden namen op als The Scene, Hooverphonic, Triggerfinger, Gabriel Rios, Ozark Henry & Arsenal.  Op zich niet wereldschokkend.  Bijzonder aan dit festival is het publiek dat bestaat uit tienduizenden mensen met een mentale beperking en hun begeleiders.  Altijd uitverkocht.','Rock and pop. Evergem near Ghent. This act names as The Scene, Hooverphonic, Triggerfinger, Gabriel Rios, Ozark Henry & Arsenal. Not world-shocking per se. A special feature of this festival is the audience that consists of tens of thousands of people with mental disabilities and their carers. Always sold out.','','Field@255$0$0;0$231$243;255$240$159;0$021;7$102;6$102;@Tree1$-0.05$0$-7.57$270$323.97$0$;Tree3$-3.9$0$-7.19$270$0$0$;Stand2$7.04$0$9.22$270$301.72$0$;Stand4$5.63$0$-8.72$270$62.99$0$;Stand6$1.08$0$10.47$270$278.97$0$;Speaker5$-6.99$0$2.9$270$212.49$0$;Speaker5$-7.02$0$-4.14$270$148.74$0$;Flag1$-1.8$0$-3.9$270$0$0$;Flag2$-11.03$0$-1.53$270$0$0$;Flag1$-4.1$0$-0.38$270$0$0$;Flag1$-2.16$0$3.27$270$0$0$;Flag2$-10.92$0$1.13$270$0$0$;Tree3$-8$0$-7.13$270$0$0$;Tree3$0.3$0$5.4$270$280.98$0$;Tree3$-3.59$0$5.37$270$344.73$0$;Tree3$-8.02$0$5.19$270$8.74$0$;Stand5$-3.96$0$-11.8$270$112.74$0$;Stand7$-3.18$0$10.39$270$86.24$0$;Stand6$11.24$0$-12.13$270$41.49$0$;Stand3$4.03$0$-13.94$270$75.49$0$;Stand1$-10.4$0$7.26$270$45.25$0$;Stand1$-11.6$0$-7.62$270$320.24$0$;Speaker4$2.8$0$3.05$270$336.48$0$;Speaker4$3.53$0$-6.2$270$35.99$0$;@','§;§;§;§;§;§;§;§;§;§;','How many festivals are features in this game?§73§75§78;How many different styles of music do we feature?§12§10§8;How many stars are there in the pop Area§8§6§7;How many cups must you collect before you can recycle?§10§15§20;There\'s a statue of what in the city?§Your character§a Vinyl LP§a Bird;§§§;§§§;§§§;§§§;§§§;','2012-05-24 10:14:24'),(70,'2c5a38b79ba1439ff5014ec3fe58c16b','Theater aan zee',0,1,1,0,'Justine Boutens','theateraanzee@tartart.be','','2012-07-26','2012-08-05','http://www.theateraanzee.be/','Oostende','theateraanzee','theateraanzee','129204590489526',NULL,NULL,NULL,NULL,NULL,11,1,36000,'Theater, dans, performance, comedy, fotografie, straattheater.  Oostende, de enige stad aan de kust.  Tien dagen lang geeft Oostende vooral kansen aan jong aanstormend talent uit Vlaanderen en Nederland.','Theater, dance, performance, comedy, photography, street. Oostende, the only city on the coast. Ten days gives Oostende opportunities to young talent from Flanders and the Netherlands.','','City@255$0$0;0$231$243;255$240$159;0$021;7$102;6$102;@Tree1$-0.05$0$-7.57$270$323.97$0$;Tree3$-3.9$0$-7.19$270$0$0$;Stand2$7.04$0$9.22$270$301.72$0$;Stand4$5.63$0$-8.72$270$62.99$0$;Stand6$1.08$0$10.47$270$278.97$0$;Speaker5$-6.99$0$2.9$270$212.49$0$;Speaker5$-7.02$0$-4.14$270$148.74$0$;Flag1$-1.8$0$-3.9$270$0$0$;Flag2$-11.03$0$-1.53$270$0$0$;Flag1$-4.1$0$-0.38$270$0$0$;Flag1$-2.16$0$3.27$270$0$0$;Flag2$-10.92$0$1.13$270$0$0$;Tree3$-8$0$-7.13$270$0$0$;Tree3$0.3$0$5.4$270$280.98$0$;Tree3$-3.59$0$5.37$270$344.73$0$;Tree3$-8.02$0$5.19$270$8.74$0$;Stand5$-3.96$0$-11.8$270$112.74$0$;Stand7$-3.18$0$10.39$270$86.24$0$;Stand6$11.24$0$-12.13$270$41.49$0$;Stand3$4.03$0$-13.94$270$75.49$0$;Stand1$-10.4$0$7.26$270$45.25$0$;Stand1$-11.6$0$-7.62$270$320.24$0$;Speaker4$2.8$0$3.05$270$336.48$0$;Speaker4$3.53$0$-6.2$270$35.99$0$;@','§;§;§;§;§;§;§;§;§;§;','How many festivals are features in this game?§73§75§78;How many different styles of music do we feature?§12§10§8;How many stars are there in the pop Area§8§6§7;How many cups must you collect before you can recycle?§10§15§20;There\'s a statue of what in the city?§Your character§a Vinyl LP§a Bird;§§§;§§§;§§§;§§§;§§§;','2012-05-24 10:14:24'),(71,'fdb49cc0c075d8bf94841ac418727f45','TW Classic',0,1,1,0,'TWC Office','info@rockwerchter.be','015 29 59 00','2012-06-23','2012-06-24','http://www.twclassic.be','Werchter','twclassic','TWC12','TWClassic',NULL,NULL,NULL,NULL,NULL,8,4,50000,'Rock.  Werchter.  De oude formule van Torhout-Werchter: één podium en lekker languit in het gras liggen (toen stonden ze nog niet als haringen op elkaar gepakt).  Jaarlijkse nostalgia en met vaak familiebezoek als resultaat.  Affiche is o.a. Sting, Lenny Kravitz, etc.... 50.000 mensen.','Rock. Werchter. The old formula of Torhout-Werchter: one stage and enjoying good music while stretching out in the grass (when they were not packed together like sardines). Annual nostalgia and often a day out for the entire family. Poster including Sting, Lenny Kravitz, etc. ... 50,000 people.','','Field@255$0$0;0$231$243;255$240$159;0$021;7$102;6$102;@Tree1$-0.05$0$-7.57$270$323.97$0$;Tree3$-3.9$0$-7.19$270$0$0$;Stand2$7.04$0$9.22$270$301.72$0$;Stand4$5.63$0$-8.72$270$62.99$0$;Stand6$1.08$0$10.47$270$278.97$0$;Speaker5$-6.99$0$2.9$270$212.49$0$;Speaker5$-7.02$0$-4.14$270$148.74$0$;Flag1$-1.8$0$-3.9$270$0$0$;Flag2$-11.03$0$-1.53$270$0$0$;Flag1$-4.1$0$-0.38$270$0$0$;Flag1$-2.16$0$3.27$270$0$0$;Flag2$-10.92$0$1.13$270$0$0$;Tree3$-8$0$-7.13$270$0$0$;Tree3$0.3$0$5.4$270$280.98$0$;Tree3$-3.59$0$5.37$270$344.73$0$;Tree3$-8.02$0$5.19$270$8.74$0$;Stand5$-3.96$0$-11.8$270$112.74$0$;Stand7$-3.18$0$10.39$270$86.24$0$;Stand6$11.24$0$-12.13$270$41.49$0$;Stand3$4.03$0$-13.94$270$75.49$0$;Stand1$-10.4$0$7.26$270$45.25$0$;Stand1$-11.6$0$-7.62$270$320.24$0$;Speaker4$2.8$0$3.05$270$336.48$0$;Speaker4$3.53$0$-6.2$270$35.99$0$;@','§;§;§;§;§;§;§;§;§;§;','How many festivals are features in this game?§73§75§78;How many different styles of music do we feature?§12§10§8;How many stars are there in the pop Area§8§6§7;How many cups must you collect before you can recycle?§10§15§20;There\'s a statue of what in the city?§Your character§a Vinyl LP§a Bird;§§§;§§§;§§§;§§§;§§§;','2012-05-24 10:14:24'),(72,'69d3dfaefcdc88f3df8ae3722e100cc9','Zomer van Antwerpen',0,1,1,0,NULL,NULL,NULL,'2012-07-01','2012-09-01','http://www.zomervanantwerpen.be','Antwerpen',NULL,NULL,NULL,NULL,NULL,NULL,NULL,NULL,3,1,270000,'Film/Muziek/theater/Circus : een uitbundig, cultureel zomerfeest dat in juli en augustus op de meest onverwachte plekken opduikt en voelbaar is in heel de stad.  Het programma bestaat uit een brede waaier van erg uitlopende voorstellingen over kleine, alledaagse dingen, vaak gratis en toegankelijk voor een breed publiek van alle leeftijden. Een doorgedreven samenwerking met tientallen culturele en niet-culturele partners, stadsdiensten en honderden vrijwilligers zorgt ervoor dat het festival stevig verankerd is in de stad.  Dé manier om Antwerpen van een andere kant te zien.  De zomerbar op de Ledeganckkaai is bij goed weer een enorm succes.','Film / Music / Theatre / Circus: an exuberant, cultural summer festival in July and August held in the most unexpected places and is felt throughout the city. The program consists of a wide range of very divergent ideas about small, everyday things, often free and accessible to a wide audience of all ages. An extensive collaboration with dozens of cultural and non-cultural partners, city and hundreds of volunteers ensures that the festival is firmly anchored in the city. The perfect way to view Antwerp through a different lens. The summer bar on the Ledeganckkaai is a huge success when the weather is nice.','','City@255$0$0;0$231$243;255$240$159;0$021;7$102;6$102;@Tree1$-0.05$0$-7.57$270$323.97$0$;Tree3$-3.9$0$-7.19$270$0$0$;Stand2$7.04$0$9.22$270$301.72$0$;Stand4$5.63$0$-8.72$270$62.99$0$;Stand6$1.08$0$10.47$270$278.97$0$;Speaker5$-6.99$0$2.9$270$212.49$0$;Speaker5$-7.02$0$-4.14$270$148.74$0$;Flag1$-1.8$0$-3.9$270$0$0$;Flag2$-11.03$0$-1.53$270$0$0$;Flag1$-4.1$0$-0.38$270$0$0$;Flag1$-2.16$0$3.27$270$0$0$;Flag2$-10.92$0$1.13$270$0$0$;Tree3$-8$0$-7.13$270$0$0$;Tree3$0.3$0$5.4$270$280.98$0$;Tree3$-3.59$0$5.37$270$344.73$0$;Tree3$-8.02$0$5.19$270$8.74$0$;Stand5$-3.96$0$-11.8$270$112.74$0$;Stand7$-3.18$0$10.39$270$86.24$0$;Stand6$11.24$0$-12.13$270$41.49$0$;Stand3$4.03$0$-13.94$270$75.49$0$;Stand1$-10.4$0$7.26$270$45.25$0$;Stand1$-11.6$0$-7.62$270$320.24$0$;Speaker4$2.8$0$3.05$270$336.48$0$;Speaker4$3.53$0$-6.2$270$35.99$0$;@','§;§;§;§;§;§;§;§;§;§;','How many festivals are features in this game?§73§75§78;How many different styles of music do we feature?§12§10§8;How many stars are there in the pop Area§8§6§7;How many cups must you collect before you can recycle?§10§15§20;There\'s a statue of what in the city?§Your character§a Vinyl LP§a Bird;§§§;§§§;§§§;§§§;§§§;','2012-05-24 10:14:24'),(73,'85e24c99bd2e1166db8c10a99e13066b','MyFirstTestFestival',0,0,1,0,NULL,NULL,NULL,NULL,NULL,NULL,NULL,NULL,NULL,NULL,NULL,NULL,NULL,NULL,NULL,7,2,NULL,NULL,NULL,NULL,'Beach@255$0$0;0$231$243;255$240$159;0$021;7$102;6$102;@Tree1$-0.05$0$-7.57$270$323.97$0$;Tree3$-3.9$0$-7.19$270$0$0$;Stand2$7.04$0$9.22$270$301.72$0$;Stand4$5.63$0$-8.72$270$62.99$0$;Stand6$1.08$0$10.47$270$278.97$0$;Speaker5$-6.99$0$2.9$270$212.49$0$;Speaker5$-7.02$0$-4.14$270$148.74$0$;Flag1$-1.8$0$-3.9$270$0$0$;Flag2$-11.03$0$-1.53$270$0$0$;Flag1$-4.1$0$-0.38$270$0$0$;Flag1$-2.16$0$3.27$270$0$0$;Flag2$-10.92$0$1.13$270$0$0$;Tree3$-8$0$-7.13$270$0$0$;Tree3$0.3$0$5.4$270$280.98$0$;Tree3$-3.59$0$5.37$270$344.73$0$;Tree3$-8.02$0$5.19$270$8.74$0$;Stand5$-3.96$0$-11.8$270$112.74$0$;Stand7$-3.18$0$10.39$270$86.24$0$;Stand6$11.24$0$-12.13$270$41.49$0$;Stand3$4.03$0$-13.94$270$75.49$0$;Stand1$-10.4$0$7.26$270$45.25$0$;Stand1$-11.6$0$-7.62$270$320.24$0$;Speaker4$2.8$0$3.05$270$336.48$0$;Speaker4$3.53$0$-6.2$270$35.99$0$;@','§;§;§;§;§;§;§;§;§;§;','How many festivals are features in this game?§73§75§78;How many different styles of music do we feature?§12§10§8;How many stars are there in the pop Area§8§6§7;How many cups must you collect before you can recycle?§10§15§20;There\'s a statue of what in the city?§Your character§a Vinyl LP§a Bird;§§§;§§§;§§§;§§§;§§§;','2012-05-24 10:14:24');
/*!40000 ALTER TABLE `festival` ENABLE KEYS */;
UNLOCK TABLES;

--
-- Table structure for table `score`
--

DROP TABLE IF EXISTS `score`;
/*!40101 SET @saved_cs_client     = @@character_set_client */;
/*!40101 SET character_set_client = utf8 */;
CREATE TABLE `score` (
  `ID` int(11) NOT NULL AUTO_INCREMENT,
  `gameID` int(11) NOT NULL DEFAULT '0',
  `user` text NOT NULL,
  `score` int(11) NOT NULL DEFAULT '0',
  `timestamp` timestamp NOT NULL DEFAULT CURRENT_TIMESTAMP,
  PRIMARY KEY (`ID`),
  KEY `gameID` (`gameID`),
  CONSTRAINT `score.gameID__game.ID` FOREIGN KEY (`gameID`) REFERENCES `score` (`ID`) ON DELETE CASCADE ON UPDATE CASCADE
) ENGINE=InnoDB DEFAULT CHARSET=utf8;
/*!40101 SET character_set_client = @saved_cs_client */;

--
-- Dumping data for table `score`
--

LOCK TABLES `score` WRITE;
/*!40000 ALTER TABLE `score` DISABLE KEYS */;
/*!40000 ALTER TABLE `score` ENABLE KEYS */;
UNLOCK TABLES;

--
-- Temporary table structure for view `festival_genre_count`
--

DROP TABLE IF EXISTS `festival_genre_count`;
/*!50001 DROP VIEW IF EXISTS `festival_genre_count`*/;
SET @saved_cs_client     = @@character_set_client;
SET character_set_client = utf8;
/*!50001 CREATE TABLE `festival_genre_count` (
  `ID` tinyint(4) unsigned,
  `name` varchar(32),
  `count` bigint(21)
) ENGINE=MyISAM */;
SET character_set_client = @saved_cs_client;

--
-- Table structure for table `config`
--

DROP TABLE IF EXISTS `config`;
/*!40101 SET @saved_cs_client     = @@character_set_client */;
/*!40101 SET character_set_client = utf8 */;
CREATE TABLE `config` (
  `category` varchar(64) NOT NULL,
  `key` varchar(64) NOT NULL,
  `value` text NOT NULL,
  PRIMARY KEY (`category`,`key`)
) ENGINE=InnoDB DEFAULT CHARSET=utf8;
/*!40101 SET character_set_client = @saved_cs_client */;

--
-- Dumping data for table `config`
--

LOCK TABLES `config` WRITE;
/*!40000 ALTER TABLE `config` DISABLE KEYS */;
/*!40000 ALTER TABLE `config` ENABLE KEYS */;
UNLOCK TABLES;

--
-- Temporary table structure for view `festival_locationtype_count`
--

DROP TABLE IF EXISTS `festival_locationtype_count`;
/*!50001 DROP VIEW IF EXISTS `festival_locationtype_count`*/;
SET @saved_cs_client     = @@character_set_client;
SET character_set_client = utf8;
/*!50001 CREATE TABLE `festival_locationtype_count` (
  `ID` tinyint(4) unsigned,
  `name` varchar(32),
  `count` bigint(21)
) ENGINE=MyISAM */;
SET character_set_client = @saved_cs_client;

--
-- Table structure for table `user_email`
--

DROP TABLE IF EXISTS `user_email`;
/*!40101 SET @saved_cs_client     = @@character_set_client */;
/*!40101 SET character_set_client = utf8 */;
CREATE TABLE `user_email` (
  `ID` int(10) unsigned NOT NULL AUTO_INCREMENT,
  `userId` int(10) unsigned NOT NULL,
  `email` varchar(128) NOT NULL,
  `verified` tinyint(4) NOT NULL DEFAULT '0',
  `verifier` varchar(32) DEFAULT NULL,
  `timestamp` timestamp NOT NULL DEFAULT CURRENT_TIMESTAMP,
  PRIMARY KEY (`ID`),
  UNIQUE KEY `email_UNIQUE` (`email`),
  KEY `user_mail.userId__user.ID` (`userId`),
  KEY `user_email.userId` (`userId`),
  CONSTRAINT `user_email.userId` FOREIGN KEY (`userId`) REFERENCES `user` (`ID`) ON DELETE CASCADE ON UPDATE CASCADE
) ENGINE=InnoDB AUTO_INCREMENT=11 DEFAULT CHARSET=utf8;
/*!40101 SET character_set_client = @saved_cs_client */;

--
-- Dumping data for table `user_email`
--

LOCK TABLES `user_email` WRITE;
/*!40000 ALTER TABLE `user_email` DISABLE KEYS */;
INSERT INTO `user_email` VALUES (8,27,'michielvangasse@gmail.com',1,'d1fbf2ba325b4fea3d3cb2e4129cef2b','2012-04-18 08:40:25'),(9,28,'wim@grin.be',1,'bf0ecaf703b733b33ea38c15dad001f8','2012-05-10 10:11:09'),(10,29,'supmagc@gmail.com',1,'3b8c5e5e8180d55af5c2eec09a34fcc4','2012-05-11 16:19:36');
/*!40000 ALTER TABLE `user_email` ENABLE KEYS */;
UNLOCK TABLES;

--
-- Table structure for table `festival_locationtype`
--

DROP TABLE IF EXISTS `festival_locationtype`;
/*!40101 SET @saved_cs_client     = @@character_set_client */;
/*!40101 SET character_set_client = utf8 */;
CREATE TABLE `festival_locationtype` (
  `ID` tinyint(4) unsigned NOT NULL AUTO_INCREMENT,
  `name` varchar(32) NOT NULL,
  PRIMARY KEY (`ID`)
) ENGINE=InnoDB AUTO_INCREMENT=7 DEFAULT CHARSET=utf8;
/*!40101 SET character_set_client = @saved_cs_client */;

--
-- Dumping data for table `festival_locationtype`
--

LOCK TABLES `festival_locationtype` WRITE;
/*!40000 ALTER TABLE `festival_locationtype` DISABLE KEYS */;
INSERT INTO `festival_locationtype` VALUES (1,'stad'),(2,'strand'),(3,'bos'),(4,'wei'),(5,'park'),(6,'zaal');
/*!40000 ALTER TABLE `festival_locationtype` ENABLE KEYS */;
UNLOCK TABLES;

--
-- Final view structure for view `festival_all`
--

/*!50001 DROP TABLE IF EXISTS `festival_all`*/;
/*!50001 DROP VIEW IF EXISTS `festival_all`*/;
/*!50001 SET @saved_cs_client          = @@character_set_client */;
/*!50001 SET @saved_cs_results         = @@character_set_results */;
/*!50001 SET @saved_col_connection     = @@collation_connection */;
/*!50001 SET character_set_client      = utf8 */;
/*!50001 SET character_set_results     = utf8 */;
/*!50001 SET collation_connection      = utf8_general_ci */;
/*!50001 CREATE ALGORITHM=UNDEFINED */
/*!50013 DEFINER=`toevla_user`@`localhost` SQL SECURITY DEFINER */
/*!50001 VIEW `festival_all` AS select `f`.`ID` AS `ID`,`f`.`name` AS `name`,`f`.`date_start` AS `date_start`,`f`.`date_stop` AS `date_stop`,`f`.`website` AS `website`,`f`.`location` AS `location`,`f`.`fmiv` AS `fmiv`,`f`.`fiaf` AS `fiaf`,`f`.`genreId` AS `genreId`,`f`.`locationTypeId` AS `locationTypeId`,`f`.`visitors` AS `visitors`,`f`.`description_NL` AS `description_NL`,`f`.`description_EN` AS `description_EN`,`f`.`comments` AS `comments`,`g`.`name` AS `genreName`,`lt`.`name` AS `locationTypeName` from ((`festival` `f` join `festival_genre` `g` on((`f`.`genreId` = `g`.`ID`))) join `festival_locationtype` `lt` on((`f`.`locationTypeId` = `lt`.`ID`))) */;
/*!50001 SET character_set_client      = @saved_cs_client */;
/*!50001 SET character_set_results     = @saved_cs_results */;
/*!50001 SET collation_connection      = @saved_col_connection */;

--
-- Final view structure for view `festival_genre_count`
--

/*!50001 DROP TABLE IF EXISTS `festival_genre_count`*/;
/*!50001 DROP VIEW IF EXISTS `festival_genre_count`*/;
/*!50001 SET @saved_cs_client          = @@character_set_client */;
/*!50001 SET @saved_cs_results         = @@character_set_results */;
/*!50001 SET @saved_col_connection     = @@collation_connection */;
/*!50001 SET character_set_client      = utf8 */;
/*!50001 SET character_set_results     = utf8 */;
/*!50001 SET collation_connection      = utf8_general_ci */;
/*!50001 CREATE ALGORITHM=UNDEFINED */
/*!50013 DEFINER=`toevla_user`@`localhost` SQL SECURITY DEFINER */
/*!50001 VIEW `festival_genre_count` AS select `g`.`ID` AS `ID`,`g`.`name` AS `name`,count(`f`.`genreId`) AS `count` from (`festival` `f` join `festival_genre` `g` on((`g`.`ID` = `f`.`genreId`))) group by `f`.`genreId` */;
/*!50001 SET character_set_client      = @saved_cs_client */;
/*!50001 SET character_set_results     = @saved_cs_results */;
/*!50001 SET collation_connection      = @saved_col_connection */;

--
-- Final view structure for view `festival_locationtype_count`
--

/*!50001 DROP TABLE IF EXISTS `festival_locationtype_count`*/;
/*!50001 DROP VIEW IF EXISTS `festival_locationtype_count`*/;
/*!50001 SET @saved_cs_client          = @@character_set_client */;
/*!50001 SET @saved_cs_results         = @@character_set_results */;
/*!50001 SET @saved_col_connection     = @@collation_connection */;
/*!50001 SET character_set_client      = utf8 */;
/*!50001 SET character_set_results     = utf8 */;
/*!50001 SET collation_connection      = utf8_general_ci */;
/*!50001 CREATE ALGORITHM=UNDEFINED */
/*!50013 DEFINER=`toevla_user`@`localhost` SQL SECURITY DEFINER */
/*!50001 VIEW `festival_locationtype_count` AS select `lt`.`ID` AS `ID`,`lt`.`name` AS `name`,count(`f`.`locationTypeId`) AS `count` from (`festival` `f` join `festival_locationtype` `lt` on((`lt`.`ID` = `f`.`locationTypeId`))) group by `f`.`locationTypeId` */;
/*!50001 SET character_set_client      = @saved_cs_client */;
/*!50001 SET character_set_results     = @saved_cs_results */;
/*!50001 SET collation_connection      = @saved_col_connection */;
/*!40103 SET TIME_ZONE=@OLD_TIME_ZONE */;

/*!40101 SET SQL_MODE=@OLD_SQL_MODE */;
/*!40014 SET FOREIGN_KEY_CHECKS=@OLD_FOREIGN_KEY_CHECKS */;
/*!40014 SET UNIQUE_CHECKS=@OLD_UNIQUE_CHECKS */;
/*!40101 SET CHARACTER_SET_CLIENT=@OLD_CHARACTER_SET_CLIENT */;
/*!40101 SET CHARACTER_SET_RESULTS=@OLD_CHARACTER_SET_RESULTS */;
/*!40101 SET COLLATION_CONNECTION=@OLD_COLLATION_CONNECTION */;
/*!40111 SET SQL_NOTES=@OLD_SQL_NOTES */;

-- Dump completed on 2012-07-06  1:10:32
